customer_id,customer_state,review_score,payment_type,product_category,price,recency,frequency,monetary
f681356046d9fde60e70c73a18d65ea2,SP,5,credit_card,Light-Small,49.0,201,1,56.78
4a0e66fd30684aa1409cd1b66fec77cc,SP,5,boleto,Light-Small,78.0,54,1,85.81
70a8cfb1730fd53e5c15f2a62e1e5448,SP,1,credit_card,Light-Small,29.0,350,1,36.78
f0bbb754a5855f669094d5049c09c548,MT,4,credit_card,Light-Small,78.0,141,1,100.26
cfde53fd036308dba103823ba561b885,SP,5,boleto,Light-Small,49.0,15,2,225.96
cfde53fd036308dba103823ba561b885,SP,5,boleto,Light-Small,45.0,15,2,225.96
8a3083e3f5500b50d6f4f3003604df87,MG,4,credit_card,Light-Small,49.0,278,1,64.1
ada5afd2b1b1258fd60f507e92a63472,MG,1,boleto,Light-Small,55.0,404,1,70.14
1d331c1175b7c788fdf7b44b6dc26627,RJ,4,credit_card,Light-Small,69.0,26,1,84.58
a37646debdb792ee5aaf18cf5da53717,BA,5,credit_card,Light-Small,69.0,28,1,86.41
e1c0318960b73aa3bd90b9500f7ba6fc,SP,4,credit_card,Light-Small,49.0,279,1,56.78
9edeb727de2970d9bda3186ff2300fa5,RJ,5,credit_card,Light-Small,55.0,152,1,70.27
f0eccf2fbfbabd057700f535e10d1493,PR,4,credit_card,Light-Small,29.0,303,2,202.4
f0eccf2fbfbabd057700f535e10d1493,PR,4,credit_card,Light-Small,44.0,303,2,202.4
a8d7167182ac070d269d752eb692b1db,MG,5,credit_card,Light-Small,49.0,316,1,64.1
38d582cf25bb1bc7d6f9f494dc2c260e,RJ,1,credit_card,Light-Small,56.0,35,1,71.49
649ae246f93c7482390cf748a9be70f3,MG,5,credit_card,Light-Small,49.0,9,1,67.44
daa4d167c907827200536489e0dc645b,PR,5,boleto,Light-Small,29.0,430,2,176.4
daa4d167c907827200536489e0dc645b,PR,5,boleto,Light-Small,29.0,430,2,176.4
52aaa28398bf43dfbfc64dc09278f13d,RJ,5,credit_card,Light-Medium,145.0,84,1,160.89
97b9cfe8bd0140421d5247237594b5d3,RJ,5,credit_card,Light-Small,39.0,180,1,53.1
ea5744917d5a275155a8732c1c18e994,MG,4,credit_card,Light-Small,49.0,125,2,327.32
ea5744917d5a275155a8732c1c18e994,MG,4,credit_card,Light-Small,78.0,125,2,327.32
491b53d711e90db8195ba44d40bb83ac,ES,5,credit_card,Light-Small,199.0,559,1,215.69
0266506e68e7eac1c7f726da057c28a9,SP,5,credit_card,Light-Small,45.0,260,2,179.12
0266506e68e7eac1c7f726da057c28a9,SP,5,credit_card,Light-Small,29.0,260,2,179.12
4f2997ab0d3af91e76b6f878f6b0974e,BA,4,credit_card,Light-Small,35.0,223,1,51.79
24f45496005328bf15eb16909e485883,PR,4,credit_card,Light-Small,55.0,234,1,69.14
81c1b162b444c41613ad9285e92d6beb,RJ,2,credit_card,Light-Small,49.0,384,1,63.1
8f0f359a835944478c1c46f14fb5f2c3,BA,5,credit_card,Light-Small,29.0,220,2,183.16
8f0f359a835944478c1c46f14fb5f2c3,BA,5,credit_card,Light-Small,29.0,220,2,183.16
9d9fc80cdedb63de913387b502bee19b,SP,5,credit_card,Light-Small,95.0,351,1,102.92
9d968251bfa588e8b8eca8cf0fd64af4,SP,4,credit_card,Light-Small,44.0,343,1,51.78
a4844df7aea664c484381063cc7c5a05,SP,3,credit_card,Light-Small,29.0,414,1,36.78
fcbaae64e3b2c5a47f6a6ecf9a1734de,RJ,5,credit_card,Light-Small,49.0,411,1,64.1
1d613c182f9ed2a229eb3a353a983cfc,PR,1,boleto,Light-Small,49.0,178,1,63.1
d01964b58144a472eb91b140dc47f659,ES,5,credit_card,Light-Small,39.0,303,1,54.1
85eb23c7cef0b97eda81a956c3f748c7,PE,5,credit_card,Light-Small,44.0,13,1,63.22
d480066851e79ce3e97c6a9e7e1473c3,SP,4,credit_card,Light-Small,78.0,14,1,85.81
0a788c899a1caa2d6a12019e8828fa88,SP,4,credit_card,Light-Small,29.0,439,1,40.85
a1b1a9ff13df8a206377a149ceb54924,PR,5,credit_card,Light-Small,29.0,38,1,47.3
8070cecab3f3dbd764a549623cfa6243,SP,4,boleto,Light-Small,49.0,58,1,56.6
956315c42ba4d48828bda0aa5234b6bb,MG,5,credit_card,Light-Small,149.0,218,1,163.79
70adc37c97e196449a2b5dd84465c4b3,CE,5,credit_card,Light-Small,29.0,262,2,186.52
70adc37c97e196449a2b5dd84465c4b3,CE,5,credit_card,Light-Small,29.0,262,2,186.52
7f9f7f001ca66df1f762a503a416cc61,SP,5,boleto,Light-Small,49.0,447,1,56.78
6a5c19d132ee5eddb9406fc88a0052c7,CE,5,credit_card,Light-Small,95.0,90,1,114.36
fe582816ac842403b06d7daff93c3997,RS,5,credit_card,Light-Small,49.0,219,1,64.1
edddd8420d4baec0251cfaed38b577a7,SP,4,credit_card,Light-Small,45.0,74,1,52.58
4236ba0e8837211a7c2d22719c96bf86,SP,1,credit_card,Light-Small,115.0,262,1,123.06
4baaaf6362f7e72690d2c85b4f6f9eff,DF,5,boleto,Light-Small,55.0,43,1,70.49
ec12b9273efd993bc45b74cf9765571c,MT,1,boleto,Light-Small,95.0,398,1,148.88
b53c5c797073ad259f5b41027d9ba925,SP,5,credit_card,Light-Small,29.0,175,1,37.4
19e604af45af1bc76759f2f41efd587d,SP,4,credit_card,Light-Small,49.0,286,1,56.78
c4621453a07fc947f6cbf6522aa7213f,SP,1,credit_card,Light-Small,49.0,458,1,56.78
f16d43d5d628050388352f38cfa97c4d,RJ,4,boleto,Light-Small,55.0,15,2,281.96
f16d43d5d628050388352f38cfa97c4d,RJ,4,boleto,Light-Small,55.0,15,2,281.96
44ecc84cbb68a3b1cd5015298222b71a,SP,5,voucher,Light-Small,59.0,154,4,132.78
44ecc84cbb68a3b1cd5015298222b71a,SP,5,voucher,Light-Small,59.0,154,4,132.78
44ecc84cbb68a3b1cd5015298222b71a,SP,5,credit_card,Light-Small,59.0,154,4,132.78
44ecc84cbb68a3b1cd5015298222b71a,SP,5,credit_card,Light-Small,59.0,154,4,132.78
b18a495aae75db67b4f99a58d5e2f272,MG,5,voucher,Light-Small,29.0,275,4,88.2
b18a495aae75db67b4f99a58d5e2f272,MG,5,voucher,Light-Small,29.0,275,4,88.2
b18a495aae75db67b4f99a58d5e2f272,MG,5,voucher,Light-Small,29.0,275,4,88.2
b18a495aae75db67b4f99a58d5e2f272,MG,5,voucher,Light-Small,29.0,275,4,88.2
2f7a8b448ada52d632c573deda7664fb,SP,5,credit_card,Light-Small,78.0,71,4,171.62
2f7a8b448ada52d632c573deda7664fb,SP,5,credit_card,Light-Small,78.0,71,4,171.62
2f7a8b448ada52d632c573deda7664fb,SP,5,voucher,Light-Small,78.0,71,4,171.62
2f7a8b448ada52d632c573deda7664fb,SP,5,voucher,Light-Small,78.0,71,4,171.62
82723e224e9ab5346fcbcb7ffa88c8f5,SP,2,boleto,Light-Small,44.0,56,1,51.57
b59be200e00aafa29fb69074ab23764a,PR,3,credit_card,Light-Small,49.0,217,1,64.1
ae534112af536deb8446fb273796316d,MG,5,voucher,Light-Small,21.0,524,4,71.03999999999999
ae534112af536deb8446fb273796316d,MG,5,voucher,Light-Small,21.0,524,4,71.03999999999999
ae534112af536deb8446fb273796316d,MG,5,voucher,Light-Small,21.0,524,4,71.03999999999999
ae534112af536deb8446fb273796316d,MG,5,voucher,Light-Small,21.0,524,4,71.03999999999999
71b53f38663e8be6c14b3fb0e498e4b8,SC,4,credit_card,Light-Small,78.0,37,1,96.65
f58323e013370cea83bbb78d629c2a3a,SP,4,credit_card,Light-Small,69.0,275,1,76.78
4b4d8cb0ca06c2795b7ff3e735a841e6,SP,3,credit_card,Light-Small,78.0,34,1,91.21
5a99722735c9376b779993651a14101b,RJ,3,credit_card,Light-Small,59.0,295,1,73.16
04e93f286b7920c82dc1a31240255ee6,SP,5,credit_card,Light-Small,39.0,100,1,46.39
6b01fa696d4bcceec2f58d90c840a0ef,SP,4,boleto,Light-Small,29.0,234,1,36.78
98a095e8ecf120c47aa699893c51eca3,RJ,5,boleto,Light-Small,44.0,412,1,58.1
20fed89d4e154ab11be0d7dc8550a980,SP,5,credit_card,Light-Small,45.0,76,1,52.58
972b42200bd45ae8e6ab6b2acd66d732,SP,5,boleto,Light-Small,49.0,112,1,56.39
98c06da4bc9caeddc4b8d92ab42b6bc7,SP,5,credit_card,Light-Small,55.0,352,1,62.78
08758f46a8ee56f3b1b4c5b73c90c6e3,PE,3,credit_card,Light-Small,29.0,411,1,46.63
08ab9916d3e6d664efe2862d1a764d88,SP,2,credit_card,Light-Small,49.0,479,1,60.85
4574518f4c6e0eef440e205139e125d6,SP,5,credit_card,Light-Small,55.0,351,1,62.78
c4149a9313bc56d51e34029d0a6b91e1,SP,5,boleto,Light-Small,78.0,40,1,85.81
1755f2846673a250cf4013174dfaad38,RJ,5,boleto,Light-Small,29.0,26,1,44.3
951034aede95c25c0108682c6253fdfa,PE,1,credit_card,Light-Small,85.0,466,1,110.87
22a8e041ede8a10e2606780b45b30ae3,RJ,2,credit_card,Light-Small,29.0,279,2,172.38
22a8e041ede8a10e2606780b45b30ae3,RJ,2,credit_card,Light-Small,29.0,279,2,172.38
31038e2eab5d5bf9c42e0f56d7251b81,RS,5,boleto,Light-Small,49.0,504,1,65.05
84b17b0dfec4e699ae79397b69a3aaac,SP,1,boleto,Light-Small,49.0,316,1,60.85
c044d877b734e1a9e6c0cdc585943d84,SC,5,boleto,Light-Small,55.0,37,1,73.49
451cb85396e597ae3bf87cfa3fd14f9d,RJ,1,boleto,Light-Small,69.0,198,1,84.23
aa606152f23a5fa9ba3d0b87f7a492e8,PA,4,credit_card,Light-Small,55.0,225,1,72.67
42496b94da7fdf733b980d552aeb17e9,SC,5,credit_card,Light-Small,55.0,422,1,70.14
60a55ff24010fe2ddf59b2389d868496,MG,5,credit_card,Light-Small,45.0,262,1,60.1
80946cbd8d20161272e3dcdcb1777517,GO,5,credit_card,Light-Small,79.0,476,1,94.3
1100b96416e41cccd197eff3adb4ffc4,SP,5,boleto,Light-Small,78.0,76,1,85.81
19a5ca80cf395c030351690c416e5a7e,MA,5,boleto,Light-Small,159.0,259,1,193.91
fe39086685f95933fda7f32f50a9abcc,SP,5,credit_card,Light-Small,69.0,58,1,76.74
c7ec40da7b433a48b43ed2c2db0101e8,PR,5,credit_card,Light-Small,89.0,229,2,413.48
c7ec40da7b433a48b43ed2c2db0101e8,PR,5,credit_card,Light-Small,89.0,229,2,413.48
2a7395da07867a067c01c65fce78f479,CE,5,boleto,Light-Small,169.0,287,1,195.46
803996d0e510a99f243e939b6c6f705f,SP,5,credit_card,Light-Small,129.0,126,1,136.77
a151d0a2241b8c783549d938fc850ad8,RN,4,credit_card,Light-Small,199.0,398,1,234.19
527b0b448bc0f85666e0704fe5021acb,RJ,2,credit_card,Light-Small,21.0,254,1,36.1
8fa05383791a1be46455976f3b50a1bb,RS,5,credit_card,Light-Small,55.0,281,1,70.14
6a330fc6550084bc7c035f4695121771,SP,3,credit_card,Light-Small,99.0,520,1,108.06
6c9787272e638f3b015c87576858e044,SP,5,credit_card,Light-Small,49.0,117,4,112.78
6c9787272e638f3b015c87576858e044,SP,5,credit_card,Light-Small,49.0,117,4,112.78
6c9787272e638f3b015c87576858e044,SP,5,voucher,Light-Small,49.0,117,4,112.78
6c9787272e638f3b015c87576858e044,SP,5,voucher,Light-Small,49.0,117,4,112.78
e2ff48f36d5fae7a4b203af47c9dd28c,MG,5,credit_card,Light-Small,149.0,407,1,163.79
bad71f25ef760fa92b33c67339f3df60,PR,5,credit_card,Light-Small,59.0,132,1,74.29
5960c2fa7ac05beabd503c2b556f4852,MA,4,credit_card,Light-Small,39.0,528,1,63.35
e36a3d4d67a762c1e7bee1bf939769e0,CE,5,credit_card,Light-Small,78.0,135,1,97.24
7b12b78707fde0cbf90aa13db59ebffe,RJ,3,credit_card,Light-Small,49.0,308,2,212.38
7b12b78707fde0cbf90aa13db59ebffe,RJ,3,credit_card,Light-Small,29.0,308,2,212.38
6a9aa977a36f5c46538472876e0b8d27,PR,5,credit_card,Light-Small,78.0,129,1,96.43
2bb3f48aadf30f93a0dd64c50048e789,SP,5,credit_card,Light-Small,56.0,191,1,67.89
d5b5f8b2c900c6a6eed9d277f88d7ac5,MT,4,credit_card,Light-Small,95.0,272,1,111.11
e8a9e053759d650b77440883c7b27235,SP,5,boleto,Light-Small,49.0,25,1,56.6
379b91a51576531cbf7bb8f7ffb5016e,MS,5,credit_card,Light-Small,49.0,35,1,67.44
26e51150dfad8e72cb6698c93cb3afb1,BA,5,credit_card,Light-Small,49.0,284,4,131.57999999999998
26e51150dfad8e72cb6698c93cb3afb1,BA,5,credit_card,Light-Small,49.0,284,4,131.57999999999998
26e51150dfad8e72cb6698c93cb3afb1,BA,5,voucher,Light-Small,49.0,284,4,131.57999999999998
26e51150dfad8e72cb6698c93cb3afb1,BA,5,voucher,Light-Small,49.0,284,4,131.57999999999998
20c0da17ef6a3f47bdd0fe12cca32300,MA,5,credit_card,Light-Small,45.0,510,2,139.68
20c0da17ef6a3f47bdd0fe12cca32300,MA,5,credit_card,Light-Small,45.0,510,2,139.68
f6ad977a249563a1b6f614caa83909dc,SP,5,credit_card,Light-Small,29.0,371,2,167.12
f6ad977a249563a1b6f614caa83909dc,SP,5,credit_card,Light-Small,39.0,371,2,167.12
a53f07618b7619490927f7619c0aeef3,PR,5,credit_card,Light-Small,49.0,31,1,67.44
6ec5cca8c66fddaa31e3c756753c3001,SP,5,credit_card,Light-Small,49.0,295,1,60.85
5d424383919a6c35ff701ae62d5c3516,CE,3,credit_card,Light-Small,55.0,109,1,92.08
16aba5570b45f6b4c9204407132e2cae,AC,5,boleto,Light-Small,29.0,139,1,56.41
5b7cbb84e59c351123b7d55e64260c61,SP,5,credit_card,Light-Small,58.0,25,1,71.07
c5ead19a68ca5b63321e83b4fc7493d1,SP,1,boleto,Light-Small,49.0,251,1,105.77
5c6008b96b0de7d864aeaeb2a2333a7b,ES,5,voucher,Light-Small,99.0,390,1,114.44
3459ca3b86c74e8c051a3ebef93443b8,SP,3,credit_card,Light-Small,55.0,29,1,68.05
417ba684f004a0a409878bbfe65cdf3b,MG,4,boleto,Light-Medium,145.0,46,1,164.12
bbab0e16e150f2c43a5250b0e586f839,BA,3,credit_card,Light-Small,29.0,357,1,45.79
cea725cb0864776ebbdb3bf427fa2001,MG,4,credit_card,Light-Small,49.0,44,1,67.44
aa1c88ef1c54651170df45bffe3c2a87,MT,4,credit_card,Light-Small,189.0,276,1,206.76
6d84c2a1d0700d51abff6b1aa6024a58,SP,5,credit_card,Light-Small,78.0,21,1,85.81
bd07a57a7c53edc164730535730d8082,SP,4,credit_card,Light-Small,49.0,21,1,56.6
501435a1d820f757937d48ab56c9d9e4,RJ,5,credit_card,Light-Small,149.0,430,1,163.79
c900f77722739bee8cb2ca5053cfb49f,PR,5,boleto,Light-Small,49.0,14,1,67.44
0ca135c2d4b81bb0234b5db12d9b7a8f,DF,4,credit_card,Light-Small,59.0,409,1,73.16
10c91c2f8ca8aa4c02286033c86da784,PA,1,credit_card,Light-Small,49.0,171,1,68.04
282c9df81d9e83eb605bc3804a262266,RJ,5,boleto,Light-Small,54.0,5,1,69.48
a147075ce27d034c5aafc6477a4ebb72,SP,5,credit_card,Light-Small,49.0,34,1,56.6
fc4ddaa89b9d278b397945a013b4781e,PR,5,boleto,Light-Small,49.0,53,1,64.44
45278fbc936e6358d4cb198cc3dcddb6,SP,5,credit_card,Light-Small,78.0,27,1,85.81
a5440d1ba68ac00e8bec4120bff7a801,ES,5,credit_card,Light-Small,49.0,13,1,67.44
2e8b2cd27d9c45276aaf3fa97a15edeb,PI,1,credit_card,Light-Small,55.0,102,2,339.72
2e8b2cd27d9c45276aaf3fa97a15edeb,PI,1,credit_card,Light-Small,69.0,102,2,339.72
96a150873b4c18818a6d9011c534abc9,TO,5,credit_card,Light-Small,59.0,105,1,96.1
3a5a9c83ac1027afafe0598a12c7d6d3,SP,5,credit_card,Light-Small,44.0,326,2,584.34
3a5a9c83ac1027afafe0598a12c7d6d3,SP,5,credit_card,Light-Small,44.0,326,2,584.34
7999253f86e8bc72609944e1559375e2,SP,5,boleto,Light-Small,29.0,408,1,40.85
b18b8574746de17277d25884c898ff55,SP,5,credit_card,Light-Small,49.0,229,1,60.85
425793dac84f3a20dede5cd61cb46d4f,SP,5,boleto,Light-Small,35.0,22,1,42.51
f3ef3f7ef66d0cf612f37a1bb71a635c,SP,5,credit_card,Light-Small,29.0,290,2,163.4
f3ef3f7ef66d0cf612f37a1bb71a635c,SP,5,credit_card,Light-Small,29.0,290,2,163.4
16fbdfa7654444436e8dcb3f77cc2519,SP,5,credit_card,Light-Small,49.0,393,1,56.78
5e4aafed1eb7b023330c6085ea689f04,SP,4,credit_card,Light-Small,49.0,23,4,966.04
5e4aafed1eb7b023330c6085ea689f04,SP,4,credit_card,Light-Small,58.0,23,4,966.04
5e4aafed1eb7b023330c6085ea689f04,SP,4,credit_card,Light-Small,55.0,23,4,966.04
5e4aafed1eb7b023330c6085ea689f04,SP,4,credit_card,Light-Small,49.0,23,4,966.04
bb3288e699de01779884fda1c43734d2,SP,5,credit_card,Light-Small,55.0,339,1,66.89
1d90534421125d032db6ec6697cf51b7,BA,5,boleto,Light-Small,45.0,35,1,62.25
ade3f0faef221a3b741b2e56face5c3c,MG,3,credit_card,Light-Small,38.0,177,1,53.23
a6e436c7275245cf3b66a9d59fb2bac5,SP,5,credit_card,Light-Small,69.0,244,1,76.78
ddf7eddfa863931d992313aa1b1ccf79,SP,1,credit_card,Light-Small,45.0,333,1,52.78
536128be97bc69f3c3a34a4aed46f864,RS,5,credit_card,Light-Small,29.0,400,1,44.1
39b59b462888c0b541d1550612718ea0,RS,3,credit_card,Light-Small,78.0,252,1,93.3
208abfb07a2f4c1de66445c9286f5c33,GO,3,credit_card,Light-Small,55.0,138,1,70.27
fa603f159ab9a96a4d9ce9f3e45762e3,SP,5,boleto,Light-Small,55.0,51,1,62.65
995a8d3ce0c9af3522916bd31f4305d7,MG,5,boleto,Light-Small,89.0,359,1,104.37
0e3ff8d8ba3af6a46fdcaf5d884fccb6,SP,5,credit_card,Light-Small,29.0,381,2,147.12
0e3ff8d8ba3af6a46fdcaf5d884fccb6,SP,5,credit_card,Light-Small,29.0,381,2,147.12
12c4d32011fcbdd2572be72eccaea17e,MG,5,credit_card,Light-Small,56.0,58,1,74.49
331252685d466953567f1972562ec167,RJ,5,credit_card,Light-Small,95.0,71,1,110.77
7f16d43cea70ede77ed426833543f3d6,RJ,2,credit_card,Light-Small,49.0,281,2,252.4
7f16d43cea70ede77ed426833543f3d6,RJ,2,credit_card,Light-Small,49.0,281,2,252.4
573e026da782d51277f320fc94a8d4e8,MG,4,voucher,Light-Small,209.0,199,4,450.42
573e026da782d51277f320fc94a8d4e8,MG,4,voucher,Light-Small,209.0,199,4,450.42
573e026da782d51277f320fc94a8d4e8,MG,4,credit_card,Light-Small,209.0,199,4,450.42
573e026da782d51277f320fc94a8d4e8,MG,4,credit_card,Light-Small,209.0,199,4,450.42
080d63b6675be4326b6dd60b6fc912dd,MA,3,credit_card,Light-Small,49.0,446,1,83.15
b6bbcc198167f265dd1c0381aea37cc1,SP,5,credit_card,Light-Small,49.0,401,1,60.85
851258217687b82b84189f26e747d2d9,DF,4,credit_card,Light-Small,78.0,69,1,93.65
911f537925bba457f30e1d49322c649b,SP,1,boleto,Light-Small,49.0,328,1,60.85
b436224260ee24be61a6183fba5886c9,SP,5,credit_card,Light-Small,69.0,271,1,76.78
9e0e1eb6448467c246211a9688efeb47,RO,1,credit_card,Light-Small,19.0,166,2,187.4
9e0e1eb6448467c246211a9688efeb47,RO,1,credit_card,Light-Small,29.0,166,2,187.4
03867c61ac5eae960b168b74ee252100,BA,1,credit_card,Light-Small,29.0,211,1,44.79
7cc50a971eca3b67109b6ea86cb8e015,SP,5,credit_card,Light-Small,49.0,455,1,56.78
828f99cdaca50196ee0a0b5f296017ab,MG,1,credit_card,Light-Small,55.0,40,1,108.71
bb159827aaf50cb73aaa1e61ea56b876,SP,4,boleto,Light-Small,78.0,40,1,85.81
f96380e72a790bed9e678f38580d7864,SP,5,credit_card,Light-Small,55.0,358,1,66.89
94585f4d164dd1117626d9db77c597fc,GO,4,credit_card,Light-Small,149.0,418,1,164.79
6498585d215691d85122192071230014,RJ,4,boleto,Light-Small,95.0,251,1,109.42
e3d1323beac42a0618db14537566ade0,PR,4,credit_card,Light-Small,78.0,95,1,87.77
697f5da4a12635cc0709677e6481514a,ES,1,credit_card,Light-Small,75.0,427,1,89.28
c63812833200850d116bb2ba25ad634d,SP,5,credit_card,Light-Small,49.0,38,1,56.6
1ba79057e794cf0cc51d4da3cd651c2b,DF,4,credit_card,Light-Small,49.0,203,1,63.1
70a41f17bb11f0489b47681e7df35d77,BA,5,credit_card,Light-Small,69.0,83,1,86.19
3926f22b694788137fdaa35bee5992d8,SP,5,credit_card,Light-Small,39.0,384,1,46.78
f01d004f168186b4d834b318d9309d5d,SP,5,voucher,Light-Small,55.0,253,1,62.78
344423c2e26d47d2b6d3dd363a89e812,SP,5,credit_card,Light-Small,129.0,471,1,137.16
81a478af8cea558a5a07090725be2acd,PE,3,credit_card,Light-Small,55.0,289,3,909.06
81a478af8cea558a5a07090725be2acd,PE,3,credit_card,Light-Small,55.0,289,3,909.06
81a478af8cea558a5a07090725be2acd,PE,3,credit_card,Light-Small,55.0,289,3,909.06
52f53291ff1011cdb7d19e97f2648974,SP,5,credit_card,Light-Small,49.0,397,1,56.78
6369ec1eedbd7401fcababd597382d90,SP,5,credit_card,Light-Small,16.0,90,3,210.51
6369ec1eedbd7401fcababd597382d90,SP,5,credit_card,Light-Small,16.0,90,3,210.51
6369ec1eedbd7401fcababd597382d90,SP,5,credit_card,Light-Small,16.0,90,3,210.51
2502b84eb2384df98b67766e7ec0f81f,MA,2,credit_card,Light-Small,59.0,26,1,82.13
578d5098cbbe40771e1229fea98ccafd,MG,5,credit_card,Light-Small,95.0,132,1,110.55
9597de20c8b55d0f22dcc26fdaa6b2f1,SP,2,credit_card,Light-Small,75.0,11,1,82.79
b3c2c42fe40ca63323ee2b44f207a66c,SP,5,credit_card,Light-Small,55.0,85,1,62.39
1ad694b547c3ea9f07c1257306fc67ff,SP,4,credit_card,Light-Small,95.0,123,1,102.53
d9b8cffd550e76d276ae03bdab2f5a66,SC,3,credit_card,Light-Small,35.0,303,2,204.4
d9b8cffd550e76d276ae03bdab2f5a66,SC,3,credit_card,Light-Small,39.0,303,2,204.4
26f8f6faa46f8902102b41b5afd0cfb0,BA,5,boleto,Light-Small,49.0,117,1,71.06
1bdfe41bb922828fb6d4eb176ac20071,SP,1,credit_card,Light-Small,77.0,7,1,90.2
f3e2d62c0fa412bfb895c3ce908a13c0,RS,1,boleto,Light-Small,59.0,358,1,74.16
350010e736cdc59d9b04c4835b38ee79,SP,4,credit_card,Light-Small,35.0,461,1,42.78
a34bf8703dc5d1a32b39fd86eb3b3319,MG,3,credit_card,Light-Small,78.0,132,1,97.95
74e3e0cdfd168eacecf2e86a6b2b5723,MG,5,boleto,Light-Small,35.0,283,2,228.4
74e3e0cdfd168eacecf2e86a6b2b5723,MG,5,boleto,Light-Small,49.0,283,2,228.4
54455e3cc22a40be4253b6f3619927cb,PA,5,credit_card,Light-Small,29.0,79,1,66.11
e8aad07575654e0595acf49b64b9b46b,MG,5,credit_card,Light-Small,49.0,229,1,64.1
4e14b1a6a95b6aedafc0905c5e914dbd,MA,5,credit_card,Medium-Small,175.0,234,1,210.03
250dbd896bca419115897d25600ef772,PA,5,boleto,Light-Small,129.0,174,1,167.95
afd985a81dce5f03f9c6b167a033c7a6,RJ,3,credit_card,Light-Small,95.0,450,1,110.42
54bede416120c5f9378ae0cd22b58598,BA,5,boleto,Light-Small,44.0,134,1,66.06
7d2cbb8bc15c08b4cfd6099706d53b89,SP,2,boleto,Light-Small,49.0,56,1,56.6
0ef5347dd91b15252c28720c16b0438c,GO,4,credit_card,Light-Small,78.0,12,1,96.65
db7eab0502aac2e46ff476079a1ea3d0,SP,5,boleto,Light-Small,69.0,467,1,80.98
8c2dba1581356178de57718a19cd1d61,MG,5,boleto,Light-Small,39.0,386,1,53.1
ac4235b361fa3cba41eec937e58cdcee,MA,2,boleto,Light-Small,39.0,161,1,138.12
e5d1ab1c3818782836ea04640e49ce0d,BA,5,boleto,Light-Small,38.0,454,1,54.79
ada4367956f1fd1d19dd40ec4ecdab17,PR,5,credit_card,Light-Small,78.0,73,1,96.65
e3223af2aa6a77a76b3b690407384686,RJ,5,credit_card,Light-Small,69.0,278,1,84.23
551910403e480512a070343d37dd598b,CE,5,credit_card,Light-Small,49.0,105,1,68.04
780f26029159cde86df8874981417738,SP,5,credit_card,Light-Small,29.0,543,1,39.96
2ebff6706876c13d515f6efb2c687db6,DF,4,credit_card,Light-Small,78.0,14,1,93.65
6638fe29a1ceb0cad30aa332ee0d59a0,SP,5,credit_card,Light-Small,49.0,134,1,56.39
ce97fa320a9043140d221b5ade94c617,SP,5,boleto,Light-Small,38.0,26,1,45.53
6b00fd163c9fdafc7b423a98d9b2f690,RJ,1,boleto,Light-Small,65.0,541,2,278.28
6b00fd163c9fdafc7b423a98d9b2f690,RJ,1,boleto,Light-Small,45.0,541,2,278.28
9953831663e9cea0823e292888b62b4e,BA,4,credit_card,Light-Small,49.0,154,1,71.06
1b663bed8f7682bb0d25c06d56f67e6b,MS,4,credit_card,Light-Small,78.0,14,1,93.65
e13a5ed086aacc9b2b7466c78645b468,SP,1,credit_card,Light-Small,49.0,5,1,51.7
2f4f35d3e9256161a7ccd6f561707b69,SP,5,credit_card,Light-Small,49.0,266,1,56.78
d2bec02f98c0a59bdec9baaf22cf91b7,CE,5,credit_card,Light-Small,54.0,8,1,73.29
c12fcf45432897dd8cb4c7f5455ef05a,SP,5,boleto,Light-Small,75.0,22,1,82.79
08551822a68f0b824cd0d92fe4a3264e,SP,4,credit_card,Light-Small,55.0,40,1,62.65
55c78bc29570e04ee3d2022cab98231b,SP,4,boleto,Light-Small,49.0,374,1,56.78
eec74815d488bfc5f2c9b9a2d919ea4a,SP,2,credit_card,Light-Small,44.0,410,1,55.85
677dbf5ff3bed8560f9156c76f8d0a88,GO,4,boleto,Light-Small,35.0,65,1,53.35
ccce3ac024e004b2607899abecc0d9fd,SP,1,credit_card,Light-Small,55.0,268,1,62.78
4f00f0cf58715dc27cde8e9222e1e97c,MG,5,credit_card,Light-Small,49.0,296,1,64.1
ca81c8ce6583b695cfd76066214856c8,MG,5,credit_card,Light-Small,49.99,204,1,65.09
8b539d8bfc7202d27eaaf24635178238,SP,5,credit_card,Light-Small,49.0,487,1,59.96
d9d0060f76a6e87bf45958860a1a4d4e,PE,5,boleto,Light-Small,49.0,14,1,68.25
22569cf3f36b02da715a15f53101ed52,RJ,5,credit_card,Light-Small,69.0,13,1,84.58
56c14b45de87e6d3841eff95c7377526,CE,5,credit_card,Light-Small,49.0,144,1,66.71
b1cf15b2a25c647c2de2ff757c033b94,RJ,5,credit_card,Light-Small,78.0,64,1,93.65
2b58e015093f2ab36341fb456df8ca19,SP,5,voucher,Light-Small,29.0,195,4,73.56
2b58e015093f2ab36341fb456df8ca19,SP,5,voucher,Light-Small,29.0,195,4,73.56
2b58e015093f2ab36341fb456df8ca19,SP,5,credit_card,Light-Small,29.0,195,4,73.56
2b58e015093f2ab36341fb456df8ca19,SP,5,credit_card,Light-Small,29.0,195,4,73.56
f5b43fb071bf02064396958f57e6fd87,GO,4,credit_card,Light-Small,58.0,8,1,76.51
3edd6632f0023b2e66e1cf3e7814c7ea,SP,3,boleto,Light-Small,149.0,453,1,161.54
a6e8fce51cea4eaa262c715df087aede,PR,4,boleto,Light-Small,75.0,202,1,89.28
efd274c2baeddc84242184d09c8e6a07,PA,5,credit_card,Light-Small,44.0,266,1,61.63
cc680f5a69a1fa2b717acc340313c4e4,MG,2,credit_card,Light-Small,78.0,14,4,193.3
cc680f5a69a1fa2b717acc340313c4e4,MG,2,credit_card,Light-Small,78.0,14,4,193.3
cc680f5a69a1fa2b717acc340313c4e4,MG,2,credit_card,Light-Small,78.0,14,4,193.3
cc680f5a69a1fa2b717acc340313c4e4,MG,2,credit_card,Light-Small,78.0,14,4,193.3
1f45dccd4cee402a119e6fe3edde26c5,SP,5,credit_card,Light-Small,189.0,255,1,197.58
471084a5a72b0eebf59b306a9a125643,SP,5,credit_card,Light-Small,49.0,380,1,56.78
91d2ecf0eb5229a6d5251f06a6a31cf2,BA,5,credit_card,Light-Small,55.0,359,1,71.83
04d0c8c75a0bdcabcc47ce1dd0db89f6,SP,4,credit_card,Light-Small,49.0,451,1,56.78
e9acacb9397a20c8b1a9549d7f45d3d1,RS,3,boleto,Light-Small,38.0,456,2,194.4
e9acacb9397a20c8b1a9549d7f45d3d1,RS,3,boleto,Light-Small,29.0,456,2,194.4
4880cb1a078711d62ada178adf0defb7,SP,5,credit_card,Light-Small,49.0,273,1,56.78
6215c3fc03277c5bcdc610d4d87e1472,ES,1,boleto,Light-Small,49.99,407,1,65.09
abb188913700dc174010c777b06159bf,RS,5,credit_card,Light-Small,39.0,539,1,55.05
4e95488070c3aed52ad125d029817938,RS,5,boleto,Light-Small,39.0,254,1,54.1
ec1ae820c73e32b6475b51a1d9016316,RS,5,credit_card,Light-Small,55.0,368,1,69.14
cd152920bf236523f7f23b0c29468580,SP,5,credit_card,Light-Small,55.0,7,2,230.46
cd152920bf236523f7f23b0c29468580,SP,5,credit_card,Light-Small,45.0,7,2,230.46
445f187cc1cfea0edfd2865118e1b183,SP,4,credit_card,Light-Small,69.0,392,1,76.78
8f28dc381b5a73cd37a5c0a11482824f,SP,5,credit_card,Light-Small,59.0,416,1,66.78
232b9e51fc0fd2681049e687f520df16,MG,5,credit_card,Light-Small,95.0,125,1,110.55
edd297f09df0a4096fd1162bdc7327a8,ES,3,credit_card,Light-Small,55.0,160,1,73.27
e77aa2c814bae1f2ac83f64322ca560d,MG,5,boleto,Light-Small,79.0,346,1,94.3
d968e5c03602c9ba9201038339872902,SP,4,credit_card,Light-Small,49.0,290,2,227.12
d968e5c03602c9ba9201038339872902,SP,4,credit_card,Light-Small,49.0,290,2,227.12
22803c322ec0c856ad9aae9d26580c7d,SC,4,boleto,Light-Small,49.0,401,1,64.1
581588a30afa8dd7bf1179f15ef2e94e,SE,1,credit_card,Light-Small,48.0,516,1,68.8
5d2d4e5c02f22c6a3927a09532d9f163,SP,3,credit_card,Light-Small,29.0,293,4,73.56
5d2d4e5c02f22c6a3927a09532d9f163,SP,3,credit_card,Light-Small,29.0,293,4,73.56
5d2d4e5c02f22c6a3927a09532d9f163,SP,3,voucher,Light-Small,29.0,293,4,73.56
5d2d4e5c02f22c6a3927a09532d9f163,SP,3,voucher,Light-Small,29.0,293,4,73.56
0f2893212c2c44df0fa30e9184006254,SP,5,credit_card,Light-Small,69.0,401,1,76.78
3da77d06455b633b2d7e79511d75f76e,SP,4,credit_card,Light-Small,39.0,88,1,46.39
352b6f640af26b0d36b6d2c8760cf5d2,MG,5,credit_card,Light-Small,49.0,18,1,67.44
5c6f90081fa82c6502575fd32cf54c2e,SP,1,credit_card,Light-Small,55.0,270,1,62.78
6347d009d824a697594134c029ef771d,SP,5,credit_card,Light-Small,49.0,83,1,56.39
f74078b8c7665e05f5192f8c7bd95046,RS,3,credit_card,Light-Small,78.0,43,1,96.65
3e085d0d49176bc8e7503e236dbd43d8,MG,5,credit_card,Light-Small,95.0,79,1,113.77
d8387dc05dc3ef66f65a2a2577d5f87d,RJ,5,boleto,Light-Small,29.0,376,1,43.1
e33468eb1b5573fce44adf067714e3bb,SP,5,credit_card,Light-Small,78.0,299,1,85.8
ae90fb51bbb3bc7230dae1122a4e1e24,DF,1,credit_card,Light-Small,29.0,320,1,43.1
362614b2140245271cfe4bb7ba93c602,RJ,4,credit_card,Light-Small,89.0,273,1,103.37
72db73a033e83f15b192a35675a7884b,ES,5,voucher,Light-Small,45.0,26,4,120.84
72db73a033e83f15b192a35675a7884b,ES,5,voucher,Light-Small,45.0,26,4,120.84
72db73a033e83f15b192a35675a7884b,ES,5,credit_card,Light-Small,45.0,26,4,120.84
72db73a033e83f15b192a35675a7884b,ES,5,credit_card,Light-Small,45.0,26,4,120.84
8569e9f2797775eb7a3c4263e868ddad,SP,3,credit_card,Light-Small,95.0,89,1,102.53
5e6b3200b3c8cd836edc7759a43865f9,PE,4,credit_card,Light-Small,78.0,53,1,115.46
5ba140f1494030e4f6cdbd7e7a270987,CE,3,credit_card,Light-Small,49.0,119,1,68.04
f20cb49e077065fc592acf65fd03cdab,RJ,1,credit_card,Light-Small,189.0,89,1,208.2
ae514a3a680d817b98d83f750b1a5ae9,TO,4,boleto,Light-Small,78.0,23,1,115.46
2bff03479b7e1c2464a58317ece163c9,SP,3,boleto,Light-Small,45.0,55,1,52.58
1a3e564ca745183defa5a9bc2467f4f8,SP,3,boleto,Light-Small,29.0,288,1,36.78
e3803fa0eac81de64abba13f1544f5ac,SP,5,credit_card,Light-Small,78.0,129,1,90.99
b91b9dbb1f0b536a366f742dc3ccad91,GO,4,credit_card,Light-Small,99.0,211,1,113.44
9052a30c5a1bde768913c851230d085a,SP,5,credit_card,Light-Small,44.0,92,1,56.79
083e90e0576402957154264852d4b8ca,PE,5,credit_card,Light-Small,29.0,165,1,48.04
34372cd32c4dbdde49b415fc1689bee7,PR,4,credit_card,Light-Small,249.0,118,1,265.62
f8f826b1eb7cf181af923e9329849aa5,SP,5,credit_card,Light-Small,49.0,25,1,56.6
cae3161d70d82c64c6a73e5e6b5ee9bd,BA,4,boleto,Light-Small,78.0,71,1,112.96
9f8bfbe789498a0ec09caaf47cd84216,MG,5,credit_card,Light-Small,95.0,75,1,110.77
8179ff67fa0372e2cbc68facbb47ff62,RJ,5,credit_card,Light-Small,49.0,99,1,64.23
0de3df89f5aafcdb82290027e375d72b,SP,5,boleto,Light-Small,55.0,349,1,62.78
26deada61fa2c6d3fba6a016bfd0761e,SP,5,boleto,Light-Small,59.0,170,1,66.39
f581d009238201744f193e9fce843a3b,SP,5,boleto,Light-Small,55.0,90,1,67.83
c9cfc1234b16803061a24d2ed1bbcade,SP,5,boleto,Light-Small,49.0,348,1,56.78
982a91ff4ad73e6b9d09bad86860d184,SE,5,credit_card,Light-Small,55.0,74,1,78.11
1bc53b9a233400e4060e63417a8b9cc6,SP,5,debit_card,Light-Small,45.0,55,1,52.58
8d1eb0233a90478bafc36d66f468de9c,RS,5,credit_card,Light-Small,39.0,428,1,54.1
e0eac226ceae49858de89e8a5c1ba1ec,SP,5,credit_card,Light-Small,129.0,276,1,141.4
091be8027f7e81f7982d213f813063e5,SP,5,credit_card,Light-Small,49.0,260,1,56.78
6dcf67b90ecd61b5155d20ae6d2ecac0,RS,5,boleto,Light-Small,29.0,286,1,43.1
24e944da91a76314aa9037020d9b3964,SP,5,credit_card,Light-Small,59.0,17,1,66.67
b6cbc64a76fc19bf964f8397cdd1471a,SP,5,credit_card,Light-Small,55.0,58,1,62.65
b8d4ad8f2c0da3ff8ba7ddb5ed98a0b2,RJ,1,credit_card,Light-Small,49.0,266,1,63.1
9a91eb50cf55e8c29be0025166f06f38,CE,5,credit_card,Light-Small,78.0,34,1,97.46
0efc1f5e8675901683fae0ea8fdf3feb,RJ,5,credit_card,Light-Small,35.0,78,1,50.35
1219554936e47f8eb9141a023dc6dfe5,DF,3,credit_card,Light-Small,59.0,34,1,74.51
1c1673e7f574e2fe2d204f09854ddd0b,MG,5,boleto,Light-Small,49.0,266,1,60.85
5fab7785cdfea700ae1362b2c9c3d697,SP,1,credit_card,Light-Small,49.0,166,1,56.39
6ea6833bafd5a01be6aad92305a57e9e,DF,5,credit_card,Light-Small,69.0,199,1,83.23
7a4b3b2a8d65d37fdfbc03846521c041,SP,1,boleto,Light-Small,49.0,163,1,103.54
67ddd0891499d2826566d7efc66b02d1,BA,1,voucher,Light-Small,69.0,70,4,172.82
67ddd0891499d2826566d7efc66b02d1,BA,1,voucher,Light-Small,69.0,70,4,172.82
67ddd0891499d2826566d7efc66b02d1,BA,1,voucher,Light-Small,69.0,70,4,172.82
67ddd0891499d2826566d7efc66b02d1,BA,1,voucher,Light-Small,69.0,70,4,172.82
511565b2987c19e165331306886f10f8,SP,5,debit_card,Light-Small,49.0,316,1,56.78
26b8d706ae17092e81e600c7ef41148b,ES,5,credit_card,Light-Small,49.0,257,1,63.1
5e2ebf449bbe52d961a2a13e898eb175,CE,5,credit_card,Light-Small,189.0,150,1,209.01
a75adb6efea8bbc567f89773ba56262f,SP,4,boleto,Light-Small,39.0,293,1,46.78
78b9600a08c5e140638ea940dc41cf84,SE,4,boleto,Light-Small,49.0,89,1,71.85
6dc8989e7dd66019f9c1f24a61b092fe,SP,5,credit_card,Light-Small,99.0,382,1,111.19
381796669bc4c8ddde91648213e646df,SC,5,boleto,Light-Small,59.0,278,1,74.16
e1f8dc9e6f8e31d52490a40ebc94572b,CE,5,voucher,Light-Small,55.0,73,16,297.2
e1f8dc9e6f8e31d52490a40ebc94572b,CE,5,voucher,Light-Small,55.0,73,16,297.2
e1f8dc9e6f8e31d52490a40ebc94572b,CE,5,voucher,Light-Small,55.0,73,16,297.2
e1f8dc9e6f8e31d52490a40ebc94572b,CE,5,voucher,Light-Small,55.0,73,16,297.2
e1f8dc9e6f8e31d52490a40ebc94572b,CE,5,voucher,Light-Small,55.0,73,16,297.2
e1f8dc9e6f8e31d52490a40ebc94572b,CE,5,voucher,Light-Small,55.0,73,16,297.2
e1f8dc9e6f8e31d52490a40ebc94572b,CE,5,voucher,Light-Small,55.0,73,16,297.2
e1f8dc9e6f8e31d52490a40ebc94572b,CE,5,voucher,Light-Small,55.0,73,16,297.2
e1f8dc9e6f8e31d52490a40ebc94572b,CE,5,voucher,Light-Small,55.0,73,16,297.2
e1f8dc9e6f8e31d52490a40ebc94572b,CE,5,voucher,Light-Small,55.0,73,16,297.2
e1f8dc9e6f8e31d52490a40ebc94572b,CE,5,voucher,Light-Small,55.0,73,16,297.2
e1f8dc9e6f8e31d52490a40ebc94572b,CE,5,voucher,Light-Small,55.0,73,16,297.2
e1f8dc9e6f8e31d52490a40ebc94572b,CE,5,voucher,Light-Small,55.0,73,16,297.2
e1f8dc9e6f8e31d52490a40ebc94572b,CE,5,voucher,Light-Small,55.0,73,16,297.2
e1f8dc9e6f8e31d52490a40ebc94572b,CE,5,voucher,Light-Small,55.0,73,16,297.2
e1f8dc9e6f8e31d52490a40ebc94572b,CE,5,voucher,Light-Small,55.0,73,16,297.2
68e58c93aaeae25328b25a47d3155af1,SP,5,credit_card,Light-Small,78.0,14,1,85.81
e1009ae00e0fe8f7212a66210478c6c3,SP,5,credit_card,Light-Small,49.0,35,1,56.6
c2b7ffaec7595810b1c1f71e75081c39,SC,4,voucher,Light-Small,49.0,260,1,64.1
561a193d7395d1f016e459d7fbc5aec9,SP,5,voucher,Light-Small,21.0,287,1,28.78
2d900f649b6456aa43078c5f05d3079b,SP,5,debit_card,Light-Small,78.0,92,1,85.41
fab4d0e05c214c4baa684e6107d77757,RJ,1,credit_card,Light-Small,29.0,166,1,106.77
cd2dc0f489712c5ce91916ecee6189e4,RJ,5,boleto,Light-Small,39.0,344,1,53.1
7856aaac2fe87c5394fac93513ff254d,PR,5,debit_card,Light-Small,69.0,37,1,87.58
06a6d9bd1d738261179b6cf3d313458b,SP,4,credit_card,Light-Small,49.0,121,1,56.39
fe9837d3b6aa2502781cb57e41e23d5f,RS,5,credit_card,Light-Small,29.0,154,1,47.23
2a53997627d79044b4200db95b3ed540,MG,5,credit_card,Light-Small,29.0,176,1,47.23
bc7ff0e7c6d31fd59dbd5f70835b4696,SP,5,credit_card,Light-Small,29.0,157,1,36.39
1a554527a355fb6472f50446520db582,MG,1,credit_card,Light-Small,78.0,38,1,96.65
c9fae66c6a29c68d59463e2ae4969577,CE,3,voucher,Light-Small,44.0,146,1,81.04
f3f77b531814d6223e76a751da84c545,RJ,5,credit_card,Light-Small,65.0,315,1,80.2
3990c719162bfe51e676622d4ec98569,MA,5,boleto,Light-Small,48.0,493,1,72.35
1051dc1922b7d6fd269cb1120adea82f,SP,4,credit_card,Light-Small,49.0,267,1,56.78
0598384cf66a6bd49ac0c725af1c74e7,SP,4,credit_card,Light-Small,49.0,312,1,56.78
5771758fad047028c6b772fe0adffced,SP,5,boleto,Light-Small,69.0,38,1,76.74
f9a448ce00c793bc273313654d4ac153,SP,4,credit_card,Light-Small,78.0,437,1,85.8
f96003d2df26d840fdfe42aea5254ada,SP,5,credit_card,Light-Small,78.0,52,1,91.21
ed8e4541645947f30fca3040759d224d,SP,5,boleto,Light-Small,56.0,53,1,63.65
728be77f30519a56da991fbe192f2572,SP,1,credit_card,Light-Small,29.0,263,1,36.78
b6366b62ef3476d96e7a6398c294cb88,RJ,3,credit_card,Light-Small,29.0,108,2,176.92
b6366b62ef3476d96e7a6398c294cb88,RJ,3,credit_card,Light-Small,29.0,108,2,176.92
9d89495735e0c0d9be97e8febc4989a1,CE,4,credit_card,Light-Small,55.0,336,1,72.67
7cd7d781203890be0d18accf75bd90d5,SP,5,credit_card,Light-Small,29.0,329,2,147.12
7cd7d781203890be0d18accf75bd90d5,SP,5,credit_card,Light-Small,29.0,329,2,147.12
a3d6403a83738ed4f708851f0620e1c4,SP,5,boleto,Light-Small,59.0,230,1,66.78
f99bd4afbf8edf456e0c9c6a59cd9dfc,BA,3,credit_card,Light-Small,56.0,77,1,73.32
73b88cf201fda5ca2267c68e8f477a25,SP,3,boleto,Light-Small,78.0,29,1,85.81
cda5f27136ac1f174e1ba59d0bfea170,RJ,1,credit_card,Light-Small,49.0,164,1,63.16
38cc52f8089ad38971b6dfc26a3033ba,SP,5,boleto,Light-Small,129.0,339,1,137.16
8535e7d171732dcdb3de48ff99040f6c,SP,5,voucher,Light-Small,45.0,209,4,113.7
8535e7d171732dcdb3de48ff99040f6c,SP,5,voucher,Light-Small,45.0,209,4,113.7
8535e7d171732dcdb3de48ff99040f6c,SP,5,credit_card,Light-Small,45.0,209,4,113.7
8535e7d171732dcdb3de48ff99040f6c,SP,5,credit_card,Light-Small,45.0,209,4,113.7
b1d6310718897903e079bd76b7035d86,SP,5,credit_card,Light-Small,55.0,371,1,66.89
a47eef7a7043f321d272a603771704a2,RS,1,credit_card,Light-Small,149.0,437,1,163.79
83bca7f247f86f58f2361abf24b61726,RJ,5,credit_card,Light-Small,49.0,541,1,63.52
854ff3250421ce4acce98f67cf4aabc9,SP,4,credit_card,Light-Small,29.0,244,1,36.78
cb8142639e986f3ffda553fea7e60b3b,SC,5,boleto,Light-Small,78.0,69,1,93.65
2f16b5574967005f60d394d874b205a9,MG,4,credit_card,Light-Small,95.0,39,1,113.77
dd9a54bea0eff3f69bc420353f20b52b,RJ,5,credit_card,Light-Small,55.0,77,1,70.49
7ee354fee27d327cd88d09ebfd48c1c5,SP,5,boleto,Light-Small,39.0,538,1,47.72
41445dea0c353d122f5d5e6a88de7c83,CE,4,debit_card,Light-Small,55.0,35,1,92.3
d914f4e177e2821680e21684d05379a2,PI,5,credit_card,Light-Small,55.0,67,1,78.11
b4d6ff8eddd03fbfefb9c269dfceea32,MG,5,credit_card,Light-Small,44.0,37,1,62.41
04a1baab9cbc43e54f00c5c243a4366a,MG,5,credit_card,Light-Small,59.0,6,1,77.51
54fef4bb475376e95000143add7a1557,SP,5,boleto,Light-Small,69.0,128,1,76.39
baae2887560c54dd7d03dd369c20653e,SP,1,credit_card,Light-Small,49.0,191,1,56.78
736cc29992a1e210cb3342ea2c1282b9,RJ,5,credit_card,Light-Small,49.0,192,1,63.1
1239e518e80247840cd399727eb244a5,SP,5,credit_card,Light-Small,55.0,310,1,66.89
ab53afe6074c85742b3b868398fbfeb3,SC,5,credit_card,Light-Small,56.0,184,1,71.14
b26b334a381075fcf9f0b0354c4a453b,SP,5,credit_card,Light-Small,78.0,122,1,85.41
4241b08d083d12c99a329c9163db0d72,SP,3,credit_card,Light-Small,95.0,107,1,103.26
13bde511381263b484f4a31ffd1ef39e,BA,4,credit_card,Light-Small,29.0,475,2,219.16
13bde511381263b484f4a31ffd1ef39e,BA,4,credit_card,Light-Small,49.0,475,2,219.16
5e2d2f845dd010caeb40fca85772e04b,SP,5,credit_card,Light-Small,29.0,103,1,36.39
02d6ca625564571402a933db8fe814f0,ES,5,credit_card,Light-Small,45.0,496,1,61.05
2ebfac074eb5450f338e852cb02d7635,RJ,5,credit_card,Light-Small,49.0,508,1,63.11
35e3bd54fd302a4b250df23871fdcabc,MG,5,credit_card,Light-Small,125.0,276,1,139.62
8e8d2a893f9513f17593b10a4236ef90,SP,5,credit_card,Light-Small,29.0,376,1,36.78
1d1304f7c4219c811517a8efa5985b39,MG,5,credit_card,Light-Small,149.0,290,1,164.79
f9142e1821fc9c9dd97d5cd32b9eb024,PE,1,credit_card,Light-Small,55.0,35,1,74.3
6f09e38cfdea8ab7077adff5783ff384,SP,1,boleto,Light-Small,55.0,185,2,259.12
6f09e38cfdea8ab7077adff5783ff384,SP,1,boleto,Light-Small,59.0,185,2,259.12
3191981f84b69ebcca47bce1954371fc,SP,2,boleto,Light-Small,58.0,29,2,342.18
3191981f84b69ebcca47bce1954371fc,SP,2,boleto,Light-Small,55.0,29,2,342.18
bb11a0402a21bc1623466d259f60e763,SP,4,credit_card,Light-Small,65.0,255,1,72.78
afabf3402c99e06da0fa8bf433929d5f,SP,5,debit_card,Light-Small,49.0,42,1,56.6
2bfbff5eb42c14a3ed9e37efbf840e33,SP,4,credit_card,Light-Small,39.0,159,1,46.39
dc353d9edb5d35503fae9521399340c8,SP,5,boleto,Light-Small,29.0,253,1,144.72
ea361251491228e4d24754e2d33b30e7,MG,4,credit_card,Light-Small,56.0,75,1,74.49
71e0415715725a3be02b81d1d5222275,RJ,3,credit_card,Light-Small,78.0,73,1,93.65
df356cdb085cb42613a303002a1c63e5,SP,4,boleto,Light-Medium,145.0,59,1,153.28
e827a60ab3c273d88ef8c4b401ce344b,BA,5,credit_card,Light-Small,119.0,207,1,136.27
88d527116cfe395e822beea99fc73c12,SP,3,credit_card,Light-Small,55.0,33,1,62.65
c542f5de0865b9e0e437c70dea50727c,PA,5,credit_card,Light-Small,29.0,152,1,48.04
79ef93ae53cf11433ff20305d4d04e2f,SP,3,credit_card,Light-Small,78.0,35,1,91.21
c2188fcd07f361e28ebf769f322d4d81,SP,5,credit_card,Light-Small,78.0,24,1,91.21
3cb502fcf455deaa130fe625b29c7804,SP,5,credit_card,Light-Small,129.0,130,1,136.77
aba40c358810d9a20641b531b9ea4229,SP,1,credit_card,Light-Small,78.0,71,1,85.81
6ca87302fa8a0163488bce8e49f9996c,SP,3,credit_card,Light-Small,89.0,255,1,96.88
7c4ac40944ae48e97672477c16ad3e2b,RS,5,boleto,Light-Small,29.0,125,3,398.82
7c4ac40944ae48e97672477c16ad3e2b,RS,5,boleto,Light-Small,29.0,125,3,398.82
7c4ac40944ae48e97672477c16ad3e2b,RS,5,boleto,Light-Small,55.0,125,3,398.82
71570974a826d2c978517fab207ccb7d,BA,1,credit_card,Light-Small,29.0,328,2,183.16
71570974a826d2c978517fab207ccb7d,BA,1,credit_card,Light-Small,29.0,328,2,183.16
b6dcf411c45cbe8e176562028c22851f,SP,5,credit_card,Light-Small,49.0,82,1,56.39
b0f994938a75bb0c6a523fee2e7c5746,PA,5,credit_card,Light-Small,29.0,175,1,48.04
9e0e48f4183f1216ab4bf955b29216c7,MG,4,credit_card,Light-Small,49.0,242,2,276.52
9e0e48f4183f1216ab4bf955b29216c7,MG,4,credit_card,Light-Small,59.0,242,2,276.52
e98d4459ce911f6ae3aa3c9c0f3d94bd,SP,5,credit_card,Light-Small,44.0,219,2,217.12
e98d4459ce911f6ae3aa3c9c0f3d94bd,SP,5,credit_card,Light-Small,49.0,219,2,217.12
0be35675024b139cf0359dcfdf6b80f8,RJ,4,credit_card,Light-Small,29.0,121,2,176.92
0be35675024b139cf0359dcfdf6b80f8,RJ,4,credit_card,Light-Small,29.0,121,2,176.92
0b1fc574ab47a7abfdeb3a4109301b03,SP,5,credit_card,Light-Small,39.0,342,2,167.12
0b1fc574ab47a7abfdeb3a4109301b03,SP,5,credit_card,Light-Small,29.0,342,2,167.12
11bb6bf8b510e50d36ab76cd9b1f23ca,PR,4,boleto,Light-Small,79.0,472,1,93.3
9d571c9e16be4b04343afa2d84d94352,SP,4,credit_card,Light-Small,29.0,271,3,391.02
9d571c9e16be4b04343afa2d84d94352,SP,4,credit_card,Light-Small,29.0,271,3,391.02
9d571c9e16be4b04343afa2d84d94352,SP,4,credit_card,Light-Small,49.0,271,3,391.02
75a1c32fcf51a0bf90ca27da1d941733,SP,5,credit_card,Light-Small,95.0,301,1,107.17
dee0b47c356fb2f279e00e8df7c691e6,PR,3,credit_card,Light-Small,44.0,449,1,59.1
968b4bf6385fe1f935ec48185a1f6a22,SP,5,credit_card,Light-Small,49.0,21,1,56.6
123287f3f6e1998cc472de6310f8e81d,SP,5,credit_card,Light-Small,95.0,265,1,102.92
63100cd7327f21c64c011139cad4670b,PI,3,credit_card,Light-Small,78.0,264,1,112.35
afd9ea67436a624c5430af8d663b6ddb,RS,5,credit_card,Light-Small,78.0,433,1,93.3
59d30339943de8792b79b2a7835e1752,SP,1,credit_card,Light-Small,49.0,26,1,56.6
59957cbf486cde7592cd29914bf38442,SP,4,boleto,Light-Small,49.0,23,1,56.6
ca46a32ce810307efa830b6ae9bf947f,SP,5,credit_card,Light-Small,29.0,123,1,36.39
6faf168195ded35ec08a4de7b72d0953,SP,5,boleto,Light-Small,29.0,280,1,36.78
5833a641a3ec9e804da73d17e57ebca5,SP,5,boleto,Light-Small,65.0,364,1,72.78
929a408d132414093579c5a3156f0302,BA,1,credit_card,Light-Small,69.0,420,1,85.92
ba2c2929b14d1e28b0b55c950e349b4b,RJ,5,boleto,Light-Small,65.0,254,1,80.2
e3d372b69974946e6e31f906d16966d5,SP,4,credit_card,Light-Small,189.0,22,1,197.58
ab2b0df51c890ff9bcae72f1abc72b79,SP,5,credit_card,Light-Small,78.0,24,1,85.81
75ae88f78b6ff4cde016ee3108c47eb6,MG,5,credit_card,Light-Small,49.0,394,1,63.1
b24e76ff960c3a5cf88ce8852d6e9fe8,SP,4,credit_card,Light-Small,49.0,514,1,57.72
26fdb52d0382ebe750a8866b5bf9e5db,BA,5,credit_card,Light-Small,55.0,271,2,141.66
26fdb52d0382ebe750a8866b5bf9e5db,BA,3,credit_card,Light-Small,55.0,271,2,141.66
4db55f299675aae7e60ea54e437bd750,SP,5,credit_card,Light-Small,69.0,229,1,76.78
b076d33913c27684d0485cc0110d9e0c,MG,5,credit_card,Light-Small,49.0,68,1,62.0
7d5d4cb3f861bdf4c9b730fe41e771cd,SP,1,credit_card,Light-Small,55.0,69,1,68.05
ebcf50ec311622a9b17a720a655a489b,MG,4,credit_card,Light-Small,29.0,245,1,43.1
605aff3b7d8433c447ad5ea47f2327df,SP,4,credit_card,Light-Small,38.0,135,1,45.39
92470b5b967407fa22b4790f46c90939,BA,5,credit_card,Light-Small,49.0,449,1,64.79
ae1b14ddfdde090ddee628da4ac485b8,SP,4,boleto,Light-Small,59.0,552,1,70.02
a3bf8dad369e2dd3104ae77e1fb68ade,SP,5,voucher,Light-Small,49.0,178,1,66.0
0ca441ec350a00d6fb6fcec25e2f266a,SP,3,credit_card,Light-Small,38.0,261,1,45.78
e14ce3c6c6d5337363712edf760f3a4a,ES,4,credit_card,Light-Small,29.0,477,1,43.1
c4bf56703094bfd42c04acc898184c2b,MG,5,credit_card,Light-Small,249.0,42,1,268.84
d1d81a8e87c0ba381cd13f2d8c4413f1,MG,5,credit_card,Light-Small,49.0,189,1,64.1
1e7347c98af2c5dd3b24ef197d20e0ce,SC,5,credit_card,Light-Small,49.0,27,1,67.44
7094766b39435a8925152a0f675449ec,SP,4,credit_card,Light-Small,39.0,247,1,46.78
58838d64c9fb6e9e3712b41c35024f0d,SP,5,credit_card,Light-Small,49.0,240,1,56.78
8dd4d9f93579665bf92ba2692f8cf7e5,SP,5,credit_card,Light-Small,249.0,11,1,258.9
90aeead19683470f8f2af44cfd09b321,MG,5,credit_card,Light-Small,95.0,116,1,110.55
e8094cb2a242669ede8f9084dbcba0e8,CE,5,credit_card,Light-Small,29.0,193,1,46.63
945da86df2234762e62c9e704b936b1b,SP,3,credit_card,Light-Small,55.0,35,1,68.05
a7f1430b91bc7526030c0cbd89af179e,DF,5,credit_card,Light-Small,29.0,361,1,43.1
65a2393f12fc8796f152eef39d25fa4b,SP,4,credit_card,Light-Small,59.0,194,1,66.78
cc4e0751b586a663c96b8d72bfa34a22,MG,5,credit_card,Light-Small,29.0,436,1,43.1
98965f2e554e2f75fcf1411133f41245,SP,5,credit_card,Light-Small,39.0,90,2,92.78
98965f2e554e2f75fcf1411133f41245,SP,5,credit_card,Light-Small,39.0,90,2,92.78
d1d4697472a54768704161ab0d713a1f,RJ,5,credit_card,Light-Small,39.0,284,3,417.87
d1d4697472a54768704161ab0d713a1f,RJ,5,credit_card,Light-Small,29.0,284,3,417.87
d1d4697472a54768704161ab0d713a1f,RJ,5,credit_card,Light-Small,29.0,284,3,417.87
ea49739b49be01118317aafb67cfd734,MG,3,credit_card,Light-Small,49.0,27,1,67.44
20ead49a5d0069bebe18affe91606bd6,SP,3,credit_card,Light-Small,29.0,288,1,36.78
ba73e78b0ba65ced564cd836853e7fce,SP,1,credit_card,Light-Small,29.0,222,1,36.78
6181ed8e0b73f7bf53900b98f67451bd,RJ,5,credit_card,Light-Small,99.0,309,1,113.44
099da9e0fc3ea53e74144c6f8427ae07,RJ,5,credit_card,Light-Small,69.0,352,1,84.23
3df001627683ff649e8df47730d2b52c,SP,4,debit_card,Light-Small,49.0,276,1,56.78
3ed3b8e6500fffcf751b8861174195f3,RS,4,credit_card,Light-Small,75.0,191,1,89.28
cb86c612ac1227e3ad9bdf3ee9503d7a,RJ,4,credit_card,Light-Small,78.0,26,1,93.65
99048bbaf712ed26c3641bf889762e87,SP,5,credit_card,Light-Small,95.0,84,1,102.53
2a8fbd9c4f1ef6d033fe449d055fa5fb,RS,5,credit_card,Light-Small,69.0,190,1,83.23
1d185a1881211f40e281043cf723d455,SP,2,credit_card,Light-Small,55.0,354,1,62.78
fb10b4ac35c8d3b7d387ebc37a500d6e,BA,5,credit_card,Light-Small,199.0,350,1,215.83
eebb0de05cd24925e099c9105e231280,SP,1,credit_card,Light-Small,69.0,204,1,76.78
066e5acdd1a429b05b4bcb0c8f8273d3,DF,5,credit_card,Light-Small,49.0,108,1,64.23
8f62f298087a5445d36cb4695c52ebeb,PE,4,credit_card,Light-Small,49.0,315,1,74.63
4c4b7d79d6d887802ca1a79519b1e1c8,SP,5,credit_card,Light-Small,55.0,43,1,68.05
37b891af1e46170207e5e0dcb2f88dd8,SC,5,credit_card,Light-Small,77.0,7,1,95.64
1a1cfd220729248ca598e3a807cb17e7,SP,2,credit_card,Light-Small,55.0,287,1,221.92
e93b368ca8025ca8aab2cd43ad299d2d,SP,1,credit_card,Light-Small,95.0,172,1,102.53
04d53bddbbc6c607957ee304fbbf2a20,MA,5,boleto,Light-Small,29.0,342,1,63.15
b3ee7fdfb85dc3e5de3517c7be1bfc6e,SP,5,credit_card,Light-Small,78.0,38,1,85.81
4e2bf783a80c004ceb49a68cf872d1a7,SP,1,boleto,Light-Small,29.0,304,2,303.68
4e2bf783a80c004ceb49a68cf872d1a7,SP,1,boleto,Light-Small,29.0,304,2,303.68
fb50abded81d6b84b281463eb0cfc7f3,CE,5,credit_card,Light-Small,65.0,391,1,82.73
ddff1de7a3f714c2921e7747a21ea752,SP,5,credit_card,Light-Small,65.0,221,1,76.95
7354130c5fafcc715d2f1d774428effc,MG,5,credit_card,Light-Small,159.0,114,1,177.99
daa3f06ac09105d630aa53e639b385ca,TO,5,credit_card,Light-Small,29.0,367,1,54.63
dc79558cae15ae6f35522df09006b76f,SP,4,credit_card,Light-Small,55.0,114,1,62.39
cc0cd7cfb34e6249da817e50177dcc40,PR,5,credit_card,Light-Small,19.0,170,1,37.23
9374b51947c71dfbc0cad487a541df5a,SP,4,credit_card,Light-Small,44.0,369,1,51.78
120e1f31d01ac400b61e8f8a3cfb57c8,SP,3,credit_card,Light-Small,49.0,104,4,123.58000000000001
120e1f31d01ac400b61e8f8a3cfb57c8,SP,3,credit_card,Light-Small,49.0,104,4,123.58000000000001
120e1f31d01ac400b61e8f8a3cfb57c8,SP,3,voucher,Light-Small,49.0,104,4,123.58000000000001
120e1f31d01ac400b61e8f8a3cfb57c8,SP,3,voucher,Light-Small,49.0,104,4,123.58000000000001
15f3f60c0575a9f2a7d5434f7b8a7692,SP,5,credit_card,Light-Small,49.0,360,1,60.85
58d45cf285d3d5bdd45609c696e00b9e,PE,5,credit_card,Light-Small,29.0,357,1,46.63
9026f16b4a80f2efd9dbc7be05f61cfd,SP,5,voucher,Light-Small,44.0,42,9,170.91
9026f16b4a80f2efd9dbc7be05f61cfd,SP,5,voucher,Light-Small,44.0,42,9,170.91
9026f16b4a80f2efd9dbc7be05f61cfd,SP,5,voucher,Light-Small,44.0,42,9,170.91
9026f16b4a80f2efd9dbc7be05f61cfd,SP,5,voucher,Light-Small,44.0,42,9,170.91
9026f16b4a80f2efd9dbc7be05f61cfd,SP,5,voucher,Light-Small,44.0,42,9,170.91
9026f16b4a80f2efd9dbc7be05f61cfd,SP,5,voucher,Light-Small,44.0,42,9,170.91
9026f16b4a80f2efd9dbc7be05f61cfd,SP,5,voucher,Light-Small,44.0,42,9,170.91
9026f16b4a80f2efd9dbc7be05f61cfd,SP,5,voucher,Light-Small,44.0,42,9,170.91
9026f16b4a80f2efd9dbc7be05f61cfd,SP,5,voucher,Light-Small,44.0,42,9,170.91
7e9e8e8df9e2f28df2b9fa5d5bd99715,RJ,3,credit_card,Light-Small,69.0,103,1,87.36
b216f3b6b774bc74b8d6977e73978582,SP,5,credit_card,Light-Small,29.0,294,1,36.78
d75e6448f501f078f4e475870facaa79,SP,5,credit_card,Light-Small,29.0,531,1,39.96
2cfd03d5f98b80ec794362fc02d39fe0,SP,5,boleto,Light-Small,78.0,65,1,85.81
97b1940e2aae6798a81d3a4015508078,AP,3,credit_card,Light-Small,78.0,49,1,101.27
7b67bd4af8d28c39d5440115002bd1a1,RJ,5,voucher,Light-Small,49.0,376,4,126.19999999999999
7b67bd4af8d28c39d5440115002bd1a1,RJ,5,voucher,Light-Small,49.0,376,4,126.19999999999999
7b67bd4af8d28c39d5440115002bd1a1,RJ,5,credit_card,Light-Small,49.0,376,4,126.19999999999999
7b67bd4af8d28c39d5440115002bd1a1,RJ,5,credit_card,Light-Small,49.0,376,4,126.19999999999999
e1a81b9db2bc308ffc7e2ee4f70dd22b,MG,4,boleto,Light-Small,95.0,27,1,110.77
a01d75e34d60b742278e85774f0fd80e,SP,5,credit_card,Light-Small,29.0,239,1,36.78
bbeed9ea963b0243e31ea610df45d08f,PB,5,credit_card,Light-Small,49.0,12,1,100.06
c8672896d5ca592deab963239abbc74c,RJ,4,credit_card,Light-Small,199.0,266,1,214.14
2641997643dfdc59555956c47f36daf7,SP,3,boleto,Light-Medium,145.0,212,1,153.27
cf1cc250256e6104a7b863050258225c,MG,3,credit_card,Light-Small,89.0,369,1,103.37
3ea58b15fb3cf6875782305b2492fd4a,SP,4,credit_card,Light-Small,48.0,240,1,110.69
dc855a052cb86604fb4d65498cece939,GO,5,credit_card,Light-Small,56.0,376,2,280.56
dc855a052cb86604fb4d65498cece939,GO,5,credit_card,Light-Small,56.0,376,2,280.56
03e454af33e93cda33e1b22175ab8361,RJ,5,credit_card,Light-Small,49.0,155,2,216.92
03e454af33e93cda33e1b22175ab8361,RJ,5,credit_card,Light-Small,29.0,155,2,216.92
20e25c40b1cdd5ac516a4c74309b327a,PR,5,credit_card,Light-Small,165.0,25,1,181.26
13de57df53d909438cd6aa93345ad87e,SP,4,credit_card,Light-Small,35.0,251,3,385.02
13de57df53d909438cd6aa93345ad87e,SP,4,credit_card,Light-Small,35.0,251,3,385.02
13de57df53d909438cd6aa93345ad87e,SP,4,credit_card,Light-Small,35.0,251,3,385.02
b403064ab79055c7c332d922feff2bb6,RJ,5,credit_card,Light-Small,49.0,14,3,616.26
b403064ab79055c7c332d922feff2bb6,RJ,5,credit_card,Light-Small,55.0,14,3,616.26
b403064ab79055c7c332d922feff2bb6,RJ,5,credit_card,Light-Small,55.0,14,3,616.26
6a97a18568f96ebd96b56ff6d1abba03,MG,4,boleto,Light-Small,49.0,531,1,63.11
b4f5ccdd01480fe597e7aea8ef056198,RJ,5,boleto,Light-Small,29.0,109,1,44.23
b87216a1a52934fb1f8b32cea9e43dff,DF,4,credit_card,Light-Small,95.0,35,1,110.77
8be927d8fb3b9fa474e1afcac281cdcb,PE,3,credit_card,Light-Small,56.0,41,1,93.3
72835445167408da77e382199e203451,PA,1,credit_card,Light-Small,29.0,296,1,54.63
91737efb8ad05ff2cbb2636368f10a4d,SP,5,credit_card,Light-Small,49.0,282,1,56.78
3f093776a4d97894c51992db9ffb1257,RJ,5,credit_card,Light-Small,29.0,115,1,44.23
b9ace16b956eb4ec460f6adbb5c9e9f8,SP,3,credit_card,Light-Small,49.0,352,1,56.78
427c17ea5664a2b18bebc11f85edf315,SP,5,boleto,Light-Small,49.0,24,1,57.5
fb8b676e8673ddd7d4e235130ec65362,SP,3,credit_card,Light-Small,49.0,278,1,56.78
ca5fc4d4ff349e924e3871ec86a4d34e,SP,5,boleto,Light-Small,29.0,377,1,40.85
5a011a1c60682c0d99f830005b70ce29,GO,5,boleto,Light-Small,21.0,40,3,326.25
5a011a1c60682c0d99f830005b70ce29,GO,5,boleto,Light-Small,21.0,40,3,326.25
5a011a1c60682c0d99f830005b70ce29,GO,5,boleto,Light-Small,21.0,40,3,326.25
f0270ea9eaa22877af089f2d0f8db9fa,SP,5,credit_card,Light-Small,59.0,27,1,66.67
3a03bf7cb204cf7573e6e88b6ff92c1e,SP,5,credit_card,Light-Small,79.0,326,1,86.81
ac2c4761c922473d929ad0e8753b3863,SP,4,credit_card,Light-Small,55.0,17,1,62.65
900b190def9c4ed21975358a4d6ee91f,RJ,1,boleto,Light-Small,29.0,37,1,44.3
e47d3e624ccc9b27956e4fa3777b8e51,SP,4,credit_card,Light-Small,149.0,406,4,323.08000000000004
e47d3e624ccc9b27956e4fa3777b8e51,SP,4,credit_card,Light-Small,149.0,406,4,323.08000000000004
e47d3e624ccc9b27956e4fa3777b8e51,SP,4,voucher,Light-Small,149.0,406,4,323.08000000000004
e47d3e624ccc9b27956e4fa3777b8e51,SP,4,voucher,Light-Small,149.0,406,4,323.08000000000004
abb4bba6c51db8e00607f28f0af2e448,MG,5,credit_card,Light-Small,89.0,220,1,101.12
f6c75448c88917ea2a0d3ad1c5b478ae,SP,1,credit_card,Light-Small,29.0,405,1,36.78
d1240cdcdb9e6f08aa9a329bf1751c0e,SP,5,credit_card,Light-Small,89.0,428,1,96.88
86b2c88f97d0b9b421b8bd62be63faae,PA,5,debit_card,Light-Small,39.0,239,1,56.63
280d4a1c6ddb67a1f8ad1262cfa9848b,RJ,3,credit_card,Light-Small,249.0,22,1,265.84
26d6fbb3f19bab0637b50723523bc928,SP,5,credit_card,Light-Small,79.0,288,1,86.81
b579def4c83db752cba104c7fd9f5da1,RJ,5,credit_card,Light-Small,49.0,251,1,63.1
b2e2d02679d78fa9b26ca1eddc475732,MT,3,boleto,Light-Small,78.0,384,1,94.99
d0244ea97de1322c239a5c65551176e3,MG,5,credit_card,Light-Small,49.0,445,2,264.48
d0244ea97de1322c239a5c65551176e3,MG,5,credit_card,Light-Small,55.0,445,2,264.48
c2cfed40fa990f6204cd545804280291,SP,2,credit_card,Light-Small,58.0,38,1,71.07
66603e8aa65d2bbfacd6ac73091ab6de,SP,4,credit_card,Light-Small,59.0,22,1,66.67
ea6e4b9a3c6507d36ac172f95c32b2a4,MG,4,credit_card,Light-Small,49.0,197,1,63.1
69dd18b28ea33e04b65244e7089b33bd,MG,4,credit_card,Light-Small,49.0,328,1,63.1
882d877a5d51c4ba2590d82e86a7af0d,SP,5,credit_card,Light-Small,49.0,106,1,56.39
9ed647ae5dd3bcaf166b0fea7c9bd3b4,MA,4,credit_card,Light-Small,49.0,387,1,70.15
1c3c07a5e0ae1596ef662a0d60f362fd,GO,4,credit_card,Light-Small,55.0,390,1,70.14
18318296c91a6f9911c3aedaee70d707,SP,4,credit_card,Light-Small,29.0,173,1,36.39
9102c1aff9fdf9f79091ca25e26be387,SP,5,credit_card,Light-Small,49.0,442,1,56.78
fb98deb0395a93ba889c36ad75372a6c,SP,1,credit_card,Light-Small,78.0,245,1,90.05
d8a527d4870db60ec4cb46a8dd8f1c69,SP,5,credit_card,Light-Small,69.0,64,3,557.76
d8a527d4870db60ec4cb46a8dd8f1c69,SP,5,credit_card,Light-Small,49.0,64,3,557.76
d8a527d4870db60ec4cb46a8dd8f1c69,SP,5,credit_card,Light-Small,45.0,64,3,557.76
4f218b2a91896f429f5d39355ff421c5,BA,3,boleto,Light-Small,29.0,286,2,179.16
4f218b2a91896f429f5d39355ff421c5,BA,3,boleto,Light-Small,29.0,286,2,179.16
4294e414ae0b067f21f15901eb54ece6,RJ,5,credit_card,Light-Small,29.0,175,1,44.23
84936b26581d8bbe95b82c100ba14cf5,MG,1,boleto,Light-Small,78.0,39,1,96.65
ca1cdd20afd582a805c787951ba0a30a,MG,5,credit_card,Light-Small,79.0,532,1,93.31
c9fdcb6355112f78a8369a743fa58880,GO,5,credit_card,Light-Small,29.0,124,1,47.23
d2dd888bbde7f2030be8d738074c25c4,PR,5,credit_card,Light-Small,56.0,192,1,70.14
1111d304b41ee6f78da59683a4f95373,SP,3,credit_card,Light-Small,45.0,114,1,52.39
6be3f8f4586a72b9b577b7a366fb1f70,SP,5,credit_card,Light-Small,29.0,318,1,36.78
026bfde40abfbefc0a23ce6856a9b3f3,SP,1,debit_card,Light-Small,45.0,57,1,52.58
9077572642c665ba8796dae2b3e407d1,SP,5,boleto,Light-Small,78.0,44,1,85.81
b8b9976c697fc55f094b7ccf924c602b,SP,4,credit_card,Light-Small,29.0,378,1,36.78
7406b313ecf88d1e915e51c5044a8d51,SP,5,credit_card,Light-Small,45.0,29,1,52.58
7efa7ba622dbdc7eaa7a51b93203e9e8,RJ,5,credit_card,Light-Small,69.0,424,1,84.23
dea2f5dfb7067437f99c9790d190ebbb,MG,5,boleto,Light-Small,55.0,351,1,70.14
111e0d71d0351fbdac5b47d607747bec,MG,3,boleto,Light-Small,29.0,30,1,44.3
5c82b918db1d7b8f0f653d714533cc0e,RS,4,credit_card,Light-Small,78.0,327,4,184.60000000000002
5c82b918db1d7b8f0f653d714533cc0e,RS,4,credit_card,Light-Small,78.0,327,4,184.60000000000002
5c82b918db1d7b8f0f653d714533cc0e,RS,4,voucher,Light-Small,78.0,327,4,184.60000000000002
5c82b918db1d7b8f0f653d714533cc0e,RS,4,voucher,Light-Small,78.0,327,4,184.60000000000002
5859cd71917f97747721166e9289fe6e,MA,3,boleto,Light-Small,44.0,77,1,67.03
ce85052e7c8d0ba011f6572ec235f41c,SP,5,boleto,Light-Small,55.0,269,1,62.78
f5d36001e841dad8e3810fcdec2dda19,RS,3,credit_card,Light-Small,78.0,34,1,93.65
60f9275680a519d57e8a22917c30734a,RJ,5,credit_card,Light-Small,44.0,31,1,59.41
6327876b7962247ee1bc5ed656164735,MG,5,credit_card,Light-Small,21.0,401,1,36.1
3f0c48f253e225011b3618be8e43ec50,SP,1,boleto,Light-Small,29.0,291,1,36.78
1d9e62aa7f57d92badc22e5d83510f77,SP,5,debit_card,Light-Small,49.0,132,1,56.39
cc3972519bcbe5e8a1ea0cb1c23a99de,SP,5,credit_card,Light-Small,49.0,276,1,56.78
b3867c14ee9a7d0daecb27c1bba54db3,MG,3,boleto,Light-Small,89.0,476,1,104.37
609341769d0c31f670f92c1479fdf149,SP,5,credit_card,Light-Small,39.0,171,1,46.39
9e31165fcca754ee7694d99cf65ef8bc,SP,5,credit_card,Light-Small,78.0,70,2,264.68
9e31165fcca754ee7694d99cf65ef8bc,SP,5,credit_card,Light-Small,39.0,70,2,264.68
a97cd8cf85518655548739df41a46d2b,MG,1,credit_card,Light-Small,95.0,259,1,110.42
83979a5effa437c8a99f07066147957f,PR,3,credit_card,Light-Small,44.0,308,1,59.1
3684b9a021a6b089ef00ff9c9b07446e,TO,5,credit_card,Light-Small,199.0,345,1,225.67
470ec70c00d665d4842f4b0b63ceaed7,AL,5,credit_card,Light-Small,55.0,54,1,78.11
70f455685561519d6a7770423cbb01ee,SP,5,boleto,Light-Small,35.0,64,1,42.51
7460b4fda02ae69978ff6b5d7d5afd6d,RJ,5,credit_card,Light-Small,49.0,534,1,63.52
57753ca70682fa16e7780c6f0189d105,SP,5,boleto,Light-Small,29.0,431,1,36.78
3492a938c440c581be2cba2e6b56222b,DF,5,voucher,Light-Small,69.0,42,4,169.16
3492a938c440c581be2cba2e6b56222b,DF,5,voucher,Light-Small,69.0,42,4,169.16
3492a938c440c581be2cba2e6b56222b,DF,5,credit_card,Light-Small,69.0,42,4,169.16
3492a938c440c581be2cba2e6b56222b,DF,5,credit_card,Light-Small,69.0,42,4,169.16
ee806345d09f89cbed254c4a290da10e,SP,4,credit_card,Light-Small,49.0,21,1,56.6
7037a169e0b1f4a5805af2c6a9237333,MS,5,credit_card,Light-Small,55.0,337,1,70.14
8a5125860406db27ce9e5d4efd358efd,RJ,5,credit_card,Light-Small,49.0,137,1,64.23
3df717700f83980dfdb3a25669e895c1,SP,5,credit_card,Light-Small,55.0,6,1,62.65
83ea5d4cd198792de3596cf94415c907,PE,1,credit_card,Light-Small,55.0,40,2,357.08
83ea5d4cd198792de3596cf94415c907,PE,1,credit_card,Light-Small,49.0,40,2,357.08
a1c2217218bed2992309dd19fd67558b,PR,5,boleto,Light-Small,49.0,79,1,67.23
05b71745c47ff8b2d3e41ed02dcf1a81,SP,4,credit_card,Light-Small,39.0,148,1,46.39
83604e527c9f0078373811a78d975402,SP,5,credit_card,Light-Small,39.0,243,1,46.78
15f71021d8d7ecadc08a88a3d8b91002,PE,5,credit_card,Light-Small,59.0,217,1,76.69
b7514d57081dbde6d17c152fc35f3531,SP,1,credit_card,Light-Small,95.0,512,1,106.28
e2275acc246e2c5b85463018fac5cca9,SP,4,credit_card,Light-Small,21.0,488,1,31.96
888444899332a330a2799e8b94779d1a,RS,5,boleto,Light-Small,35.0,447,1,123.69
54365416b7ef5599f54a6c7821d5d290,SP,1,credit_card,Light-Small,99.0,1,1,106.95
1715df4e75c7b532c711759cac4d4148,SP,1,boleto,Light-Small,55.0,308,2,251.12
1715df4e75c7b532c711759cac4d4148,SP,1,boleto,Light-Small,55.0,308,2,251.12
98a95db6578e2df8a4786793c89944cf,MG,3,credit_card,Light-Small,149.0,522,1,164.21
5867de51a21c57d3b31f121bb9e1cd6f,PR,5,credit_card,Light-Small,29.0,380,1,43.1
ebac8d83849c9bd3204e23675e26a5e5,PA,4,credit_card,Light-Small,49.0,141,1,68.04
ecc7dce2de2de9826d6227d33f1b5942,PR,4,credit_card,Light-Small,35.0,135,1,53.23
08de2bfdaeaa2ab216ba4a874bf9a4c0,PE,5,credit_card,Light-Small,29.0,286,1,46.63
ba6085df70c57fc78776a938b55bea2f,RJ,5,credit_card,Light-Small,49.0,423,1,63.1
7c35eea9239c528dc292c23b2169ef47,RJ,4,boleto,Light-Small,29.0,97,1,47.23
339db63dd455ed856b62804c7f4d3a7f,SP,5,credit_card,Light-Small,29.0,113,1,82.16
e9c271fb6124f9984885577e35171ef7,DF,5,credit_card,Light-Small,45.0,161,1,60.23
0d7a3de2f5fab946bf122803472802bb,SP,5,credit_card,Light-Small,49.0,441,1,60.85
bc5c044b9f2533d8a03d44d518ce8fdd,SP,3,boleto,Light-Small,78.0,13,1,85.81
7f96cdc06aa0cfe77e71187d5035f22f,GO,5,credit_card,Light-Small,49.0,118,1,67.23
d3acce793dd61c7d71e57c152af13aea,SP,5,boleto,Light-Small,49.0,394,1,56.78
548b752138038c6732385029fefe9166,SP,5,credit_card,Light-Small,49.99,198,1,61.84
34beea970220d74027a3daece88c07b2,SP,4,credit_card,Light-Small,55.0,69,2,238.48
34beea970220d74027a3daece88c07b2,SP,4,credit_card,Light-Small,49.0,69,2,238.48
8ff313e25b25345f237b434e0e497869,SP,5,credit_card,Light-Small,29.0,128,3,327.51
8ff313e25b25345f237b434e0e497869,SP,5,credit_card,Light-Small,29.0,128,3,327.51
8ff313e25b25345f237b434e0e497869,SP,5,credit_card,Light-Small,29.0,128,3,327.51
ac959e22b0cd67aec6bdc0e3e4aa2ad1,SP,5,boleto,Light-Small,95.0,13,1,102.93
59b5afd367220e7d7e8b23cf010e44c7,RO,5,credit_card,Light-Small,56.0,340,1,77.19
75fd774bdd2f8bec27d4bfe8fc305b32,ES,4,boleto,Light-Small,49.0,274,1,63.1
e94ec661444a31bb2696b56e1f78ff85,SP,5,credit_card,Light-Small,56.0,71,1,63.65
cad3755cd25620f59e9194b0dc9b7e95,SP,5,boleto,Light-Small,49.0,413,1,56.78
5fee8e4da65deb305e72dc0f8bdd5442,SP,4,credit_card,Light-Small,49.0,293,1,56.78
7779b97b9a0343e58e4f6d87153f8cfc,SP,5,boleto,Light-Small,189.0,341,1,197.58
1e9cb4f102332a9b99dc7d29d51c1962,SP,5,credit_card,Light-Small,48.0,6,2,226.2
1e9cb4f102332a9b99dc7d29d51c1962,SP,5,credit_card,Light-Small,49.0,6,2,226.2
41c584ea27753451d9bf606771103289,SP,4,credit_card,Light-Small,75.0,215,1,82.78
8c23dbbb9406d2481448148ebc710ef5,RJ,5,credit_card,Light-Small,59.0,73,2,277.88
8c23dbbb9406d2481448148ebc710ef5,RJ,5,credit_card,Light-Small,49.0,73,2,277.88
10a0d23b8974fb07465487377785ef2b,RJ,1,boleto,Light-Small,35.0,39,1,50.35
daf220c354971444745614116205d3e8,SP,5,credit_card,Light-Small,99.0,182,1,106.95
05f0ba650e96816117cc49d9194cf3f5,SC,4,credit_card,Light-Small,49.0,16,2,269.76
05f0ba650e96816117cc49d9194cf3f5,SC,4,credit_card,Light-Small,49.0,16,2,269.76
d3e3cb2b2922f53b23b090d9668a1b13,MT,4,credit_card,Light-Small,199.0,221,1,216.83
6d886a0cde31871321a66ae2d5efebf4,SP,5,credit_card,Light-Small,55.0,65,1,62.65
93d82c58a8f2b0d2db80f16867b99edd,SP,4,credit_card,Light-Small,38.0,5,1,45.53
61db999e171b586a01abd7d5ac904fb7,SP,4,credit_card,Light-Small,57.0,498,1,68.01
80baedbeaca5cccacb1118378473cbac,BA,4,credit_card,Light-Small,99.0,189,1,116.13
73f61de7fead9fbc2021936d345c1531,SP,5,credit_card,Light-Small,78.0,311,1,85.8
4ed89e9004419f733a7b4c5ea41f4fef,MG,5,credit_card,Light-Small,19.0,189,1,34.1
4ee4f7acadaf22f8026a077bd1220bfe,SP,5,credit_card,Light-Small,29.0,287,1,40.85
80fd8c4c7004d98ff9cdf61587724a35,SP,5,credit_card,Light-Small,129.0,418,1,137.16
26657eeefd4cbe36d682b655ed7d1db5,RS,5,credit_card,Light-Small,55.0,20,1,73.49
4e788890a013dbbe9503d039ca0c3116,MG,5,credit_card,Light-Small,69.0,23,1,87.58
e4db39923459dcae0bb7ae891644f656,MG,5,credit_card,Light-Small,199.0,220,1,214.14
3107f7888284d0508fd187c997533d58,PR,5,credit_card,Light-Small,49.0,351,1,63.1
4f1d87556cc2fdaee491b0cb9e05f155,SP,5,credit_card,Light-Small,47.99,485,2,113.42
4f1d87556cc2fdaee491b0cb9e05f155,SP,3,credit_card,Light-Small,47.99,485,2,113.42
169488681038e66fd9023f2a5f33d7f5,GO,4,boleto,Light-Small,95.0,338,1,110.42
8de711a16151e2f8f16fcffd58f4d16e,MS,5,credit_card,Light-Small,88.0,265,1,102.37
974e920c00ddb177032c54bdf6954e3e,SP,1,credit_card,Light-Small,49.0,364,1,56.78
afe44c51b2ff47d26e457d10585bf8b4,PE,4,credit_card,Light-Small,44.0,21,3,575.04
afe44c51b2ff47d26e457d10585bf8b4,PE,4,credit_card,Light-Small,45.0,21,3,575.04
afe44c51b2ff47d26e457d10585bf8b4,PE,4,credit_card,Light-Small,45.0,21,3,575.04
c91bd6612a890b01e5321aff3a336791,SP,5,credit_card,Light-Small,44.0,82,1,51.39
a4e7f95a56ae5d343df14b2a4558d766,SP,5,credit_card,Light-Small,49.0,165,1,56.39
eb18708944fc7cd5c0eb37c6e34944e7,RJ,5,credit_card,Light-Small,55.0,41,1,70.49
4107c63786c93fe20a10b7072de5c14e,SP,4,credit_card,Light-Small,29.0,278,1,40.85
0e02c0e8cf169452961509c4425d3fec,SP,4,boleto,Light-Small,69.0,407,1,76.78
6e6e4321afd3581094cef66e0880a859,SP,5,credit_card,Light-Small,89.0,53,1,96.88
b147d384b96247c9b9f589261fa93b6f,DF,5,credit_card,Light-Small,99.0,107,1,114.57
43828af3e880066850c0cf0fc0f5e56a,RS,5,credit_card,Light-Small,95.0,129,1,110.55
d4326e5beb8116efdcdc71e8299a7476,SP,1,credit_card,Light-Small,78.0,14,1,85.81
896ef8aa8a85480f35a6053ff3cda8c0,GO,4,boleto,Light-Small,29.0,357,1,43.1
5692d3dd6b2a9e79cc0f87c32932e5eb,SP,3,credit_card,Light-Small,55.0,29,1,68.05
d9d9ef18adcedc759515809d67e54744,MG,5,credit_card,Light-Small,55.0,98,1,72.97
f36d464468a0c3409cfe1e8e515bd6f7,SP,3,boleto,Light-Small,75.0,22,1,82.79
55fbffedf0cf0c4d22b8385523cc40f7,SP,2,credit_card,Light-Small,35.0,282,1,42.78
753c1896b701191a973a7b3e7aded7b1,SP,4,boleto,Light-Small,88.0,281,1,95.87
24db1335c37a942bbb41f129d265ae51,RJ,5,credit_card,Light-Small,45.0,29,1,60.42
d688f50c4d01239dd578a2a79beba7bd,SP,5,credit_card,Light-Small,55.0,72,9,187.95000000000002
d688f50c4d01239dd578a2a79beba7bd,SP,5,credit_card,Light-Small,55.0,72,9,187.95000000000002
d688f50c4d01239dd578a2a79beba7bd,SP,5,credit_card,Light-Small,55.0,72,9,187.95000000000002
d688f50c4d01239dd578a2a79beba7bd,SP,5,voucher,Light-Small,55.0,72,9,187.95000000000002
d688f50c4d01239dd578a2a79beba7bd,SP,5,voucher,Light-Small,55.0,72,9,187.95000000000002
d688f50c4d01239dd578a2a79beba7bd,SP,5,voucher,Light-Small,55.0,72,9,187.95000000000002
d688f50c4d01239dd578a2a79beba7bd,SP,5,voucher,Light-Small,55.0,72,9,187.95000000000002
d688f50c4d01239dd578a2a79beba7bd,SP,5,voucher,Light-Small,55.0,72,9,187.95000000000002
d688f50c4d01239dd578a2a79beba7bd,SP,5,voucher,Light-Small,55.0,72,9,187.95000000000002
ffae76ff9b35ca5bd4458c6f855a3553,SP,5,credit_card,Light-Small,38.0,184,1,45.78
6ea0cb2f488c5dd5311de194008ab1a8,MG,4,credit_card,Light-Small,49.0,300,1,64.1
04a7e8450417e9af0756e051e17e221e,SP,3,credit_card,Light-Small,49.0,243,1,56.78
8d6f8996611cdb40523b0d0f5a01192f,SP,5,credit_card,Light-Small,55.0,64,1,62.65
0eccbe00ed4a0a2dc61fcf5a3a37d8a0,SP,4,boleto,Light-Small,39.0,34,1,46.53
6ec53a01c735a94d14637d30fd68ca37,SP,4,credit_card,Light-Small,59.0,323,1,70.91
d386dd4f88de12e3b36750751c8a0b70,SP,2,credit_card,Light-Small,49.0,278,1,56.78
976382878bacda15dea36ccd2bfecd54,SP,1,credit_card,Light-Small,55.0,17,1,62.65
73d3b4069b0e042ecda8c77884a5474a,PA,5,credit_card,Light-Small,55.0,287,1,72.67
9934b247146c788fb07d0ffbfa5d9032,SP,4,credit_card,Light-Small,35.0,474,1,46.85
c1d8a080ff171328688530727dc4e026,BA,5,credit_card,Light-Small,55.0,209,1,70.83
cf77e5af5f520eacce45789f54a49312,SP,5,credit_card,Light-Small,39.0,211,2,167.12
cf77e5af5f520eacce45789f54a49312,SP,5,credit_card,Light-Small,29.0,211,2,167.12
e1f84ac160ef6931ca5a907ff08ca26a,RO,5,boleto,Light-Small,49.0,452,1,124.2
6f8512c9dfb483de55e1aa1312f007f4,SP,4,credit_card,Light-Small,29.0,362,1,36.78
1cdcff42fb99ee8d452a29856484240f,SP,4,credit_card,Light-Small,49.0,279,1,56.78
02036d14d9326c01a123bd83626d48c0,RJ,1,credit_card,Light-Small,49.0,169,1,64.23
df17fef4f9d03187862b78f95ab3be15,SP,1,credit_card,Light-Small,35.0,407,2,187.4
df17fef4f9d03187862b78f95ab3be15,SP,1,credit_card,Light-Small,35.0,407,2,187.4
d44ef3d822f991ab3ccdc429eee4d8c9,RS,1,credit_card,Light-Small,56.0,212,2,258.48
d44ef3d822f991ab3ccdc429eee4d8c9,RS,1,credit_card,Light-Small,45.0,212,2,258.48
c156f1d60c8d28bcd38c1f5720d50782,PI,5,credit_card,Light-Small,69.0,548,1,93.97
39096b4b196ce38f143c4ff8b6e060d6,SP,5,debit_card,Light-Small,55.0,306,1,62.78
821cfae6c6dc3f7fa663f1716f837f0e,SP,3,boleto,Light-Small,99.0,38,1,106.95
27e25db300f4ce83301e6e4d6225532c,MT,5,credit_card,Light-Small,29.0,333,1,45.79
660ed1bd01292e89c1bdc072e05e3992,GO,3,boleto,Light-Small,59.0,121,1,77.29
b364374999f56fe16589dd6eeaf7f0b0,SP,3,credit_card,Light-Small,50.0,491,1,58.72
305f1f28ec140d565af170687e3ded1f,SP,4,boleto,Light-Small,29.0,347,1,36.78
c0b6c1536ab658f01aacfa7f2dbbebd6,SP,5,credit_card,Light-Small,44.0,63,1,56.97
204c5273cd3900765b544887ce970002,SP,5,credit_card,Light-Small,35.0,83,1,42.39
aec8ff69fa54b03e8761ecc2fc009d83,SP,2,credit_card,Light-Small,35.0,40,1,42.51
b81eeae7fc5d4576c4cb71c94930ded1,SP,5,credit_card,Light-Small,78.0,26,1,91.21
45acbc0c78c9f43f006f7aee4ebf5bb5,ES,3,credit_card,Light-Small,89.0,440,1,103.37
d176cd60e1e709ca8eb7399c9d82ae67,PR,5,credit_card,Light-Small,29.0,29,1,47.3
d515bf2f113f96d3dc8907c00ba6f590,RJ,5,boleto,Light-Small,56.0,74,1,71.49
b27e2d6264dc721865c05b33d655c34b,SP,5,boleto,Light-Small,45.0,26,1,52.58
401044d8a4a11059a0fd4c9168e951a2,PR,2,boleto,Light-Small,49.0,258,1,64.1
b7c6a7b4843f3e00ff86559c717db968,SP,5,credit_card,Light-Small,35.0,462,1,42.78
0877688c3edbcf20f0c8f112343bb4a4,MG,4,boleto,Light-Small,29.0,228,1,44.1
dc24f2e844bc7b9779235188779f70e8,SP,5,credit_card,Light-Small,56.0,272,1,63.78
c3537eef72f2b883b3cbc75b1b9480b5,SP,1,credit_card,Light-Small,78.0,226,1,85.8
46eedac9adabcbc4e00c33f104651b31,SP,1,boleto,Light-Small,49.0,14,1,56.6
88cd4760d06074426489e89bb4116184,DF,5,boleto,Light-Small,99.0,11,1,114.79
9f65cd05b72a07d989c5d1761c5cd9ca,BA,4,credit_card,Light-Small,59.0,189,1,75.85
c9317e2f51180cbcee636174ced5c6b3,CE,5,credit_card,Light-Small,55.0,237,1,80.67
9599f5e43a9b54a82ab4392a0c8e94f5,RS,4,credit_card,Light-Small,78.0,24,1,93.65
caad6959ea0c0fec14ebfe8bb44a985f,RJ,1,credit_card,Light-Small,89.0,318,1,103.37
c2899f72e06b9264f47a9b41af8ed517,RJ,3,credit_card,Light-Small,44.0,385,1,58.1
519d4e9648eb8099708003c04939862c,SP,4,credit_card,Light-Small,35.0,62,1,42.51
2660e136a18b12ef20651a987333b662,CE,3,credit_card,Light-Small,49.0,212,1,66.63
acb3ac39728553eac82ec6934218ce3d,MG,5,boleto,Light-Small,129.0,298,1,144.65
01690063395d386d320ea8f5a60cdece,MA,5,boleto,Light-Small,149.0,278,1,183.84
1e47b918581b562a9d8d9f85fcb9b1e5,SP,4,voucher,Light-Small,78.0,227,9,257.4
1e47b918581b562a9d8d9f85fcb9b1e5,SP,4,voucher,Light-Small,78.0,227,9,257.4
1e47b918581b562a9d8d9f85fcb9b1e5,SP,4,voucher,Light-Small,78.0,227,9,257.4
1e47b918581b562a9d8d9f85fcb9b1e5,SP,4,voucher,Light-Small,78.0,227,9,257.4
1e47b918581b562a9d8d9f85fcb9b1e5,SP,4,voucher,Light-Small,78.0,227,9,257.4
1e47b918581b562a9d8d9f85fcb9b1e5,SP,4,voucher,Light-Small,78.0,227,9,257.4
1e47b918581b562a9d8d9f85fcb9b1e5,SP,4,credit_card,Light-Small,78.0,227,9,257.4
1e47b918581b562a9d8d9f85fcb9b1e5,SP,4,credit_card,Light-Small,78.0,227,9,257.4
1e47b918581b562a9d8d9f85fcb9b1e5,SP,4,credit_card,Light-Small,78.0,227,9,257.4
2a61e5125d7e9eea66d796d3a24e49d8,MT,5,credit_card,Light-Small,49.0,281,1,65.79
493fafc21c37974fbab32c80cfcfb11f,RS,5,credit_card,Light-Small,78.0,69,1,96.65
df92bc4e5ce45359089884512d0d4ece,ES,4,credit_card,Light-Small,78.0,79,1,93.65
da92f5d6dd82e8a889b83778f6f6aa26,SP,5,credit_card,Light-Small,49.0,532,4,115.44
da92f5d6dd82e8a889b83778f6f6aa26,SP,5,credit_card,Light-Small,49.0,532,4,115.44
da92f5d6dd82e8a889b83778f6f6aa26,SP,5,voucher,Light-Small,49.0,532,4,115.44
da92f5d6dd82e8a889b83778f6f6aa26,SP,5,voucher,Light-Small,49.0,532,4,115.44
2ee7a3f039140cfc376ccc441edee085,MG,4,credit_card,Light-Small,49.0,223,1,64.1
80828141e564cd43c7278737dbb337f4,ES,5,credit_card,Light-Small,79.0,535,1,95.25
28f583529f2c7fd70d83af5dc9411a1b,CE,4,credit_card,Light-Small,49.0,344,1,66.63
598fec59f2830ff2f0e1d2da6dc7aa99,RJ,5,credit_card,Light-Small,95.0,87,1,113.55
35f09e03979308b23060cf03c2006373,RS,5,credit_card,Light-Small,29.0,319,1,43.1
d3615124d6ba7e16770f12ceb2bba992,SP,5,boleto,Light-Small,58.0,118,1,65.39
5dab4b965caa157b2a14f3a7cc5324a3,MG,1,credit_card,Light-Small,65.0,15,1,83.56
5ab6da4f0948f2079320f3ab48f44c5d,MG,4,credit_card,Light-Small,78.0,54,1,96.65
12cda441a80c2b74b985dc0c412c26d4,PA,4,credit_card,Light-Small,49.0,344,1,66.63
b1889da1a2d08df1a9d506efbf11784c,PI,4,credit_card,Light-Small,89.0,353,1,110.42
8ccafc03ea8240cdbb0e0ad195be5411,ES,5,credit_card,Light-Small,129.0,94,1,144.78
1226271a46eb0334b4392f591183ba3a,ES,4,credit_card,Light-Small,29.0,414,1,43.1
743605f73648410aaa37405f3385d830,SP,5,credit_card,Light-Small,49.0,88,1,56.39
f3f22056edbc891e004aed65f1b9cfa5,TO,4,credit_card,Light-Small,189.0,288,1,215.6
b0568260a30c794a714aad19d7c887d6,SP,5,voucher,Light-Small,49.0,405,1,60.85
87ba7b183e6455c57728e6b2520f85a3,GO,5,voucher,Light-Small,49.0,413,4,126.19999999999999
87ba7b183e6455c57728e6b2520f85a3,GO,5,voucher,Light-Small,49.0,413,4,126.19999999999999
87ba7b183e6455c57728e6b2520f85a3,GO,5,credit_card,Light-Small,49.0,413,4,126.19999999999999
87ba7b183e6455c57728e6b2520f85a3,GO,5,credit_card,Light-Small,49.0,413,4,126.19999999999999
b27c551e43c1966e610d4f4563490c75,MG,5,credit_card,Light-Small,55.0,67,1,73.49
bbc107d4027ea5f2da6b11ae65c335cb,RJ,5,credit_card,Light-Small,29.0,197,1,43.1
f2c1759f9a3268223b2832bbd339198c,SP,4,boleto,Light-Small,29.0,124,2,145.56
f2c1759f9a3268223b2832bbd339198c,SP,4,boleto,Light-Small,29.0,124,2,145.56
6d75a28d803fef50f764c1623fd87c4b,MG,5,boleto,Light-Small,59.0,132,1,77.29
dc9ccc5a17a293fa6ba72ff608436367,PR,5,credit_card,Light-Small,65.0,539,4,159.24
dc9ccc5a17a293fa6ba72ff608436367,PR,5,credit_card,Light-Small,65.0,539,4,159.24
dc9ccc5a17a293fa6ba72ff608436367,PR,5,voucher,Light-Small,65.0,539,4,159.24
dc9ccc5a17a293fa6ba72ff608436367,PR,5,voucher,Light-Small,65.0,539,4,159.24
915324f5c372a16f2cba00005464110e,PE,5,credit_card,Light-Small,189.0,108,1,227.01
301e9d7384ca35b9680a4bedf7e8d6c6,BA,5,credit_card,Light-Small,55.0,81,1,77.1
922397e11abc5f3d52e248f57df8804e,MA,3,credit_card,Light-Small,35.0,80,1,85.85
1d50ef713093771ec10c3ba611db3afb,SP,5,boleto,Light-Small,49.0,65,1,62.0
186466a658effad41648168416161f25,SP,2,credit_card,Light-Small,49.99,304,2,249.1
186466a658effad41648168416161f25,SP,2,credit_card,Light-Small,59.0,304,2,249.1
920d4899e6a1c090a11bbec9da5a36b5,RJ,5,boleto,Light-Small,55.0,84,1,70.27
35da61fea067d2343fcef9efa970944f,MG,5,credit_card,Light-Small,55.0,247,1,69.14
2870e9dcbc1692371b93d7e47f378311,MG,5,credit_card,Light-Small,69.0,26,1,87.58
21cfa0d3860a6887e90e02e4b37e8940,MG,4,credit_card,Light-Small,78.0,208,1,93.3
8da4534bcce0e3cf6cb5cd6f31948164,SP,3,boleto,Light-Small,29.0,289,1,36.78
6fe7fb835a08e22e47c1b37a65c19246,SP,5,credit_card,Light-Small,45.0,215,1,52.78
6cf048ee948a79b9d946243e1e05fcf1,SP,4,boleto,Light-Small,55.0,16,1,62.65
03b75b4bb4d5f3145ec04664ddd53183,SP,5,credit_card,Light-Small,55.0,255,1,62.78
5ec5ec37e6836b538bcf20fd7e6fc0b2,SP,5,credit_card,Light-Small,55.0,328,1,62.78
9b5909d646d1b9ec3d8cbaf0bae0a0ac,GO,4,boleto,Light-Small,49.0,281,2,216.4
9b5909d646d1b9ec3d8cbaf0bae0a0ac,GO,4,boleto,Light-Small,29.0,281,2,216.4
a3cfc219899f8a9d074f534d8a527059,TO,5,boleto,Light-Small,49.0,141,1,68.04
6d911daa38cfeec4a1151bbd94910101,GO,5,voucher,Light-Small,49.99,412,4,130.18
6d911daa38cfeec4a1151bbd94910101,GO,5,voucher,Light-Small,49.99,412,4,130.18
6d911daa38cfeec4a1151bbd94910101,GO,5,voucher,Light-Small,49.99,412,4,130.18
6d911daa38cfeec4a1151bbd94910101,GO,5,voucher,Light-Small,49.99,412,4,130.18
1a187e61bc83d03ff6e887048de8b269,SP,3,credit_card,Light-Small,55.0,69,1,62.65
ffbc1b5517c488c7959e231ff9a0a787,RJ,5,credit_card,Light-Small,49.0,68,1,64.44
a18a9be4bf49ccde0fbd6b0dd5748181,GO,5,credit_card,Light-Small,79.0,492,1,96.98
6abaa7c4f5f3b290c9f1557da81084fc,PR,2,voucher,Light-Small,39.0,148,16,228.92000000000002
6abaa7c4f5f3b290c9f1557da81084fc,PR,2,voucher,Light-Small,39.0,148,16,228.92000000000002
6abaa7c4f5f3b290c9f1557da81084fc,PR,2,voucher,Light-Small,39.0,148,16,228.92000000000002
6abaa7c4f5f3b290c9f1557da81084fc,PR,2,voucher,Light-Small,39.0,148,16,228.92000000000002
6abaa7c4f5f3b290c9f1557da81084fc,PR,2,voucher,Light-Small,39.0,148,16,228.92000000000002
6abaa7c4f5f3b290c9f1557da81084fc,PR,2,voucher,Light-Small,39.0,148,16,228.92000000000002
6abaa7c4f5f3b290c9f1557da81084fc,PR,2,voucher,Light-Small,39.0,148,16,228.92000000000002
6abaa7c4f5f3b290c9f1557da81084fc,PR,2,voucher,Light-Small,39.0,148,16,228.92000000000002
6abaa7c4f5f3b290c9f1557da81084fc,PR,2,voucher,Light-Small,39.0,148,16,228.92000000000002
6abaa7c4f5f3b290c9f1557da81084fc,PR,2,voucher,Light-Small,39.0,148,16,228.92000000000002
6abaa7c4f5f3b290c9f1557da81084fc,PR,2,voucher,Light-Small,39.0,148,16,228.92000000000002
6abaa7c4f5f3b290c9f1557da81084fc,PR,2,voucher,Light-Small,39.0,148,16,228.92000000000002
6abaa7c4f5f3b290c9f1557da81084fc,PR,2,voucher,Light-Small,39.0,148,16,228.92000000000002
6abaa7c4f5f3b290c9f1557da81084fc,PR,2,voucher,Light-Small,39.0,148,16,228.92000000000002
6abaa7c4f5f3b290c9f1557da81084fc,PR,2,voucher,Light-Small,39.0,148,16,228.92000000000002
6abaa7c4f5f3b290c9f1557da81084fc,PR,2,voucher,Light-Small,39.0,148,16,228.92000000000002
4e34fbf90d1ee5a1c45a85287186b7bc,MG,4,credit_card,Light-Small,29.0,113,1,44.23
3e862ecfb2ffaef14a4f7a10377a14bf,RJ,1,credit_card,Light-Small,49.0,173,1,67.23
3ed8a6ccdee18adec7d692baa5e65230,SP,4,credit_card,Light-Small,29.0,271,1,40.85
19cb26eb0a9a6980367bc7952ee138ff,PA,5,credit_card,Light-Small,49.0,457,1,66.63
b31906ef88a33db8378664ff5dbc1730,MG,5,credit_card,Light-Small,49.0,299,1,63.1
13e330d6fa0e734ffda44f5b5610ed7c,MG,4,credit_card,Light-Small,69.0,329,1,84.23
530a7c06fbc78da973f9244e585c5997,MG,3,credit_card,Light-Small,49.0,415,1,63.1
28dd168fc770453ccc672de7c71b3813,MG,4,credit_card,Light-Small,78.0,221,1,92.3
1be0b4d949a6c8e2391c5f395167553c,SP,3,credit_card,Light-Small,49.0,296,1,56.78
6aba59b1c67fe19d82c9e2c568ad4872,SP,3,credit_card,Light-Small,39.0,531,6,1464.0
6aba59b1c67fe19d82c9e2c568ad4872,SP,3,credit_card,Light-Small,29.0,531,6,1464.0
6aba59b1c67fe19d82c9e2c568ad4872,SP,3,credit_card,Light-Small,29.0,531,6,1464.0
6aba59b1c67fe19d82c9e2c568ad4872,SP,3,credit_card,Light-Small,29.0,531,6,1464.0
6aba59b1c67fe19d82c9e2c568ad4872,SP,3,credit_card,Light-Small,39.0,531,6,1464.0
6aba59b1c67fe19d82c9e2c568ad4872,SP,3,credit_card,Light-Small,29.0,531,6,1464.0
401d49ba9a2b427967dd578821c55b2d,PE,5,boleto,Light-Small,69.0,29,1,88.39
01709d66652d26124875777dda46cfac,SP,5,boleto,Light-Small,78.0,34,1,85.81
4954f22f577505c7efaa1117e9c014f4,RJ,5,credit_card,Light-Small,29.0,369,1,43.1
fc3b54d8ba9833982348be27ff2bdab3,SP,1,credit_card,Light-Small,49.0,278,1,56.78
81593938cf7e6d2bd4a440fa02911be7,MG,4,credit_card,Light-Small,78.0,133,1,96.43
f03a3e2c416535af289cdf5472d33b18,MG,4,boleto,Light-Small,29.0,444,2,176.4
f03a3e2c416535af289cdf5472d33b18,MG,4,boleto,Light-Small,29.0,444,2,176.4
37cfa50a05378b7fbec2ff7e0db72878,RJ,5,credit_card,Light-Small,49.0,329,1,63.1
62e03ecf5dae004db358778553258677,SP,5,credit_card,Light-Small,69.0,194,1,76.78
6f97b0bb3562fa8dd719853be952a360,MA,5,credit_card,Light-Small,69.0,321,1,90.28
9ea7875477b41433fd8e2f65a65a1d1f,RJ,4,credit_card,Light-Small,49.0,135,1,64.23
f12306737df3c62af03422d9ac2705e3,MA,3,credit_card,Light-Small,78.0,43,1,129.27
b80e22125311f4027c9e8d27f0ff9c26,SP,5,boleto,Light-Small,29.0,544,1,39.96
89e3b283612a5ceb826e2325d09e06d8,SP,5,voucher,Light-Small,49.0,400,1,56.78
58c2ff35edc0c22c7430228ce542743f,PA,5,boleto,Light-Small,95.0,37,1,114.58
adcc75f12c0db891b2ee6e71907b4f07,SC,5,credit_card,Light-Small,55.0,278,1,69.14
adc120dd742716cec2263b7ab309484d,SP,5,boleto,Light-Small,29.0,468,1,36.78
e3f12c713d9d75a7c1fd80b19425880e,RJ,1,credit_card,Light-Small,39.0,281,2,192.38
e3f12c713d9d75a7c1fd80b19425880e,RJ,1,credit_card,Light-Small,29.0,281,2,192.38
1a2ca44429aad2d0351da1b43d8050b3,RJ,5,boleto,Light-Small,89.0,308,1,103.37
acf1e6076f30d9c7bd8c41937e1d7d9c,MG,5,credit_card,Light-Small,55.0,82,1,121.39
8b43cf398f49439f18c5aeefd19a8855,SP,1,credit_card,Light-Small,29.0,202,2,147.12
8b43cf398f49439f18c5aeefd19a8855,SP,1,credit_card,Light-Small,29.0,202,2,147.12
75b742fd3919fbe920d6ae8a2b4e14e1,RJ,5,credit_card,Light-Small,89.0,305,1,103.37
138dc7414f14d963e93984a277f9d3e9,SP,5,credit_card,Light-Small,78.0,70,4,182.42
138dc7414f14d963e93984a277f9d3e9,SP,5,credit_card,Light-Small,78.0,70,4,182.42
138dc7414f14d963e93984a277f9d3e9,SP,5,voucher,Light-Small,78.0,70,4,182.42
138dc7414f14d963e93984a277f9d3e9,SP,5,voucher,Light-Small,78.0,70,4,182.42
e8b60775fce3a9380e7621fa3d89124c,MG,3,credit_card,Light-Small,69.0,515,1,83.65
017dd3798ef0f401392abdbc129d78a0,SP,2,credit_card,Light-Small,78.0,89,1,85.41
d29b5283a43b3329d02a723d440fc35d,SP,5,credit_card,Light-Small,59.0,212,1,70.91
139a718c01cce276519bede2cbe5cae5,PR,4,credit_card,Light-Small,49.0,264,1,64.1
b970eae734db9041c13ad2b9aacd5e09,RN,4,boleto,Light-Small,39.0,70,1,89.99
988d6a25b8787e321e18ec0cede4acba,BA,3,boleto,Light-Small,44.0,523,1,64.4
71dd64cb7e34702bcce7df3d1540bea5,MG,4,credit_card,Light-Small,65.0,41,1,80.56
fe358e310dbb69bcfc06224871577528,PE,5,credit_card,Light-Small,159.0,367,1,177.39
94ce4d82e3194bd3cbb1ae70440f877e,RJ,4,credit_card,Light-Small,78.0,113,1,86.18
c33e69c9267c2879acf22d77054298ee,PI,4,credit_card,Light-Small,65.0,522,1,89.94
9796b90a755bc5f210d18a7daa8ea8d7,SP,5,boleto,Light-Small,29.0,307,1,36.78
2bbb9590503bace9c39a2d9df377d06a,SP,5,credit_card,Light-Small,49.0,394,1,56.78
c059a685354efaa91121c7cd014be359,SP,3,credit_card,Light-Small,129.0,443,1,137.16
5eda0e0b4e9d11a87094681a4597f90c,SP,1,credit_card,Light-Small,78.0,73,1,85.81
cacfd32da4e7bdfddb890220be2b58d1,MT,5,credit_card,Light-Small,59.0,116,1,81.12
5e6f5bdc231a2698e2650ca0e5273fa5,SP,5,debit_card,Light-Small,38.0,488,1,46.72
8ae0c3603d6625e690bbc25bd6a29b70,SP,4,boleto,Light-Small,69.0,347,1,76.78
7501487f2c74cc52064641b5793bbf4e,SP,5,credit_card,Light-Small,49.0,2,4,113.19999999999999
7501487f2c74cc52064641b5793bbf4e,SP,5,credit_card,Light-Small,49.0,2,4,113.19999999999999
7501487f2c74cc52064641b5793bbf4e,SP,5,voucher,Light-Small,49.0,2,4,113.19999999999999
7501487f2c74cc52064641b5793bbf4e,SP,5,voucher,Light-Small,49.0,2,4,113.19999999999999
11c191489b5fecd461e9d538280e9c5e,MG,3,credit_card,Light-Small,69.0,294,1,83.23
cdb1e9cb8ee9ea2a896a849b2011d0d7,MG,1,boleto,Light-Small,49.0,434,1,98.85
9b11bf69b2e1769ebec95be7c30c87a3,PR,5,boleto,Light-Small,35.0,399,1,50.1
852b5864d6d4cec1a712d2ec772e614b,SP,4,credit_card,Light-Small,49.0,99,1,56.39
05dd892bc3cdf380c532320e27148f33,BA,1,credit_card,Light-Small,189.0,107,1,212.03
a8372809f71a1f5a3f3f77964964a8cc,CE,5,credit_card,Light-Small,35.0,108,1,54.04
88a9bef2169cc0595576e122ff55c20d,PA,3,credit_card,Light-Small,49.0,295,1,66.63
16d0b3d8fe2111a43555f861504de0f3,CE,5,credit_card,Light-Small,65.0,184,1,82.73
5f58fd39aec217715f74bc063695d053,SP,5,credit_card,Light-Small,55.0,51,1,62.65
0fa04554222eb3da449fb457ffcf8d0b,PI,2,credit_card,Light-Small,49.0,273,1,83.15
d9e375a1ae0da84174d1e73dd7ecb4de,SP,3,credit_card,Light-Small,65.0,65,1,72.72
62337198799e0a700ead49e10a3d0629,GO,5,boleto,Light-Small,49.0,455,1,63.1
796a96842a5cc545311f8736eb0f0ad9,PA,1,credit_card,Light-Small,49.0,290,2,298.52
796a96842a5cc545311f8736eb0f0ad9,PA,1,credit_card,Light-Small,49.0,290,2,298.52
f66a0a5603fb1d09eee7fe496b1024ba,MG,5,credit_card,Light-Small,79.0,322,1,94.3
8a320a211ebebf7ce02c6a514f0aaeac,SP,5,debit_card,Light-Small,55.0,57,1,62.65
9e5557654c1e107f0924b9f01df10579,BA,5,boleto,Light-Small,88.0,331,1,105.06
19e9d692537065788a675ee5b1d3648f,SP,3,credit_card,Light-Small,39.0,167,1,46.39
5ab646fc0d2700250de071fccb889be0,SP,1,credit_card,Light-Small,55.0,84,1,62.39
016e3f83ffd18b9394a289a5897ba461,SP,4,credit_card,Light-Small,29.0,547,1,37.72
1510278962879d204243606cbd1a9ede,BA,1,credit_card,Light-Small,79.0,321,2,379.96
1510278962879d204243606cbd1a9ede,BA,1,credit_card,Light-Small,79.0,321,2,379.96
4ad7136fffe9282d54b70dddaadb8181,SP,5,credit_card,Light-Small,45.0,540,1,55.96
1b6ea1907f4199b0a0298495bfc9f9dc,BA,5,credit_card,Light-Small,49.0,411,1,65.79
9d13f5da757d6d19132fa0980c9e9729,SP,5,debit_card,Light-Small,69.0,123,1,76.39
63eb9f915c5b93b3b133e075be8cc12d,PE,5,credit_card,Light-Small,29.0,507,1,53.35
822f09a9859163e0f042c9fb35a02b19,SP,4,credit_card,Light-Small,29.0,213,1,36.78
1435bc9dbfa94236680b508f50c9722a,SP,5,boleto,Light-Small,59.0,41,1,66.67
5105f034f8d887a817febd1732ab5952,RJ,1,boleto,Light-Small,49.0,254,1,64.1
62fecf2e84255655ac7fe3a7f8feaafd,SP,4,credit_card,Light-Small,49.0,358,1,56.78
790abe338ab161bafecfcb1a477d46a7,MG,4,credit_card,Light-Small,49.0,317,1,63.1
c38d55780eb6ab54ade6029dfbac6ddb,SP,5,credit_card,Light-Small,34.0,525,1,44.96
a6701673062c37eb53daa40b834d1aa7,RS,5,voucher,Light-Small,69.0,47,4,175.16
a6701673062c37eb53daa40b834d1aa7,RS,5,voucher,Light-Small,69.0,47,4,175.16
a6701673062c37eb53daa40b834d1aa7,RS,5,credit_card,Light-Small,69.0,47,4,175.16
a6701673062c37eb53daa40b834d1aa7,RS,5,credit_card,Light-Small,69.0,47,4,175.16
77937dd75add321830883532bac71056,PR,5,credit_card,Light-Small,59.0,344,1,74.16
dcea546715db4488cff53eb2d6dc7dc2,SP,5,credit_card,Light-Small,49.0,520,2,237.82
dcea546715db4488cff53eb2d6dc7dc2,SP,5,credit_card,Light-Small,47.99,520,2,237.82
27d2ad0dcbca21dc78f6a4e7c94b1e4b,PE,5,credit_card,Light-Small,129.0,318,1,155.18
14147d5d5faeb0b1d408f87e32101331,RJ,1,credit_card,Light-Small,149.0,279,1,163.79
cf5a949abba8b491211250ecbcc634e3,SP,4,credit_card,Light-Small,69.0,311,1,76.78
b9699b7bf33f35c934fd99c1c25bb2e9,SP,5,credit_card,Light-Small,55.0,31,1,62.65
21779f705d7bc554063de51867b2e732,MG,5,credit_card,Light-Small,78.0,140,1,93.43
922f741f35942da06a3d19400757dd63,MT,5,credit_card,Light-Small,159.0,417,1,176.55
2c1c3b2dc98c6fb099f16fd6f8f5bb0b,SP,5,credit_card,Light-Small,55.0,287,1,62.78
b3a9a8efc10d7d2ef76bc4645c0b3c5b,PR,5,boleto,Light-Small,95.0,58,1,113.77
60eb53d519b8d5613ed602528bbf133d,ES,5,boleto,Light-Small,78.0,128,1,96.43
3087f54a53a66482c2114409ef2eab01,SP,2,credit_card,Light-Small,37.0,509,1,47.96
6ba7254b16cf6bdbb63b792daa982d91,SC,5,boleto,Light-Small,49.99,230,1,65.09
5256eb769f0ee97e182010734e1b1409,ES,5,boleto,Light-Small,75.0,202,1,90.28
43f5452f02cc200c6ce1ef2af3751e24,SP,5,credit_card,Light-Small,49.0,380,1,60.85
03ff24a1feebe22692496f9d3996438d,CE,5,boleto,Light-Small,199.0,356,1,217.67
2b1b6264591c5f876df616122f708d87,RJ,1,boleto,Light-Small,49.0,37,1,64.44
6d7f7138d2c8c74549dd30dc4e2d56e6,SP,5,credit_card,Light-Small,29.0,273,1,36.78
dc5cd9f17ac01e1952610ac381c55652,SP,5,credit_card,Light-Small,58.0,40,1,65.67
eddf85d5b6d5d839930e427bbdc82585,RJ,5,credit_card,Light-Small,59.0,390,1,74.16
c8e156923e9f6ddffd08c5df3c01880b,SP,4,boleto,Light-Small,29.0,307,1,36.78
71ae843add4548e7389eb6bab3200544,SP,5,credit_card,Light-Small,125.0,300,1,133.13
d1b370c90ad7dacb840010a6e89c7e89,MG,3,credit_card,Light-Small,49.99,248,1,64.09
84d9369e3431d2b768c1e80c9678041d,RJ,5,credit_card,Light-Small,78.0,420,1,92.3
f453853c7750dfea2b35f2a89382003e,SP,3,credit_card,Light-Small,55.0,25,1,62.65
48c044cb2a969ea6fad27f27a645851f,PA,3,credit_card,Light-Small,56.0,225,1,73.67
0b165e2187ea84f69dd139344260d974,GO,5,credit_card,Light-Small,78.0,90,1,96.43
c8e3b79da2d592e9fca27d760f185588,SP,1,voucher,Light-Small,65.0,179,4,164.0
c8e3b79da2d592e9fca27d760f185588,SP,1,voucher,Light-Small,65.0,179,4,164.0
c8e3b79da2d592e9fca27d760f185588,SP,1,voucher,Light-Small,65.0,179,4,164.0
c8e3b79da2d592e9fca27d760f185588,SP,1,voucher,Light-Small,65.0,179,4,164.0
089986fffb326934301cb204f52f9c97,SP,5,credit_card,Light-Small,49.0,370,1,56.78
b2ce78a52d897c070fe846ceef56a773,RS,5,credit_card,Light-Small,89.0,311,1,103.37
8b764335e86e1a8f8d3db9f119e03a79,RJ,5,boleto,Light-Small,59.0,493,1,73.17
3b7cf779cfb67bdd50db993dd2e81db6,SP,4,voucher,Light-Small,65.0,293,1,72.78
612ee478008f38dc47a805970daa54fc,MG,3,credit_card,Light-Small,78.0,42,1,96.65
c6ea850448ad7e05a9f46ddeb5673832,RJ,3,boleto,Light-Small,119.0,83,1,137.71
5110f48f7609169fbec145320da4512e,RS,5,credit_card,Light-Small,79.0,469,1,94.3
4715f5eabb431d9e101203cd67633490,SP,4,credit_card,Light-Small,29.0,21,1,36.46
fdcc1631fa8227c686d97e76607bcf2a,PR,5,credit_card,Light-Small,99.0,16,1,117.79
4829c10fe18b25501761fb10680827e8,RJ,4,boleto,Light-Small,55.0,118,1,70.27
2060e318ca3331cd5a8b03eafa04f813,MG,1,credit_card,Light-Small,49.0,71,1,62.0
ef70f1da408a89c29f59537e43f5e726,MG,5,credit_card,Light-Small,49.0,113,1,64.23
b97e0c31fc40604d54a7bb2248d9e1b6,BA,5,credit_card,Light-Small,79.0,505,2,398.4
b97e0c31fc40604d54a7bb2248d9e1b6,BA,5,credit_card,Light-Small,79.0,505,2,398.4
5cdc045a9409dbfa5db1b7326a598d84,MG,5,credit_card,Light-Small,56.0,29,1,74.49
39dc4ea368095398e5290e9370822169,BA,2,credit_card,Light-Small,39.0,278,1,54.79
96b0e44d0c68df07e9cf26b156c38cdd,SP,5,boleto,Light-Small,49.0,512,1,57.72
e2a98952cebd52ecce28658d64153500,BA,5,credit_card,Light-Small,69.0,256,1,84.92
9eab694211f764b1e83aafaed16ac561,BA,5,credit_card,Light-Small,65.0,140,1,87.16
85c864d898f25bc2b56b33d13aeae880,SP,3,credit_card,Light-Small,149.0,444,8,1292.32
85c864d898f25bc2b56b33d13aeae880,SP,3,credit_card,Light-Small,149.0,444,8,1292.32
85c864d898f25bc2b56b33d13aeae880,SP,3,credit_card,Light-Small,149.0,444,8,1292.32
85c864d898f25bc2b56b33d13aeae880,SP,3,credit_card,Light-Small,149.0,444,8,1292.32
85c864d898f25bc2b56b33d13aeae880,SP,3,credit_card,Light-Small,149.0,444,8,1292.32
85c864d898f25bc2b56b33d13aeae880,SP,3,credit_card,Light-Small,149.0,444,8,1292.32
85c864d898f25bc2b56b33d13aeae880,SP,3,credit_card,Light-Small,149.0,444,8,1292.32
85c864d898f25bc2b56b33d13aeae880,SP,3,credit_card,Light-Small,149.0,444,8,1292.32
9fc14ee468e1e679d5a5057fa4224511,MG,4,boleto,Light-Small,49.0,62,1,67.44
fca0521fbfab0aa52246267ed29f4150,SP,5,credit_card,Light-Small,49.0,80,1,61.79
f35e9360d27a2c777e86f4e5cba4dff1,PE,4,credit_card,Light-Small,55.0,44,1,92.3
57b61547bdd096c6501f7f22e512fed9,RJ,5,boleto,Light-Small,95.0,357,1,109.42
5b1a8ed13a9f69b2e8073383c4e1abe0,SP,5,credit_card,Light-Small,49.0,27,1,56.6
2d9d650ab42cedd47f35ce7a7e59a75a,SP,4,credit_card,Light-Small,59.0,220,1,66.78
169501e220f0093ccd895f3dc48431cd,BA,5,credit_card,Light-Small,44.0,22,1,61.24
1d1165426dcf7175c06609f8326ec3eb,SP,3,credit_card,Light-Small,78.0,395,1,85.8
8b8ef7402703c4775339a4a261f4ab44,SP,5,credit_card,Light-Small,55.0,20,1,62.65
57b7db7fc8a60f117c4ca88ba371d5a0,BA,4,credit_card,Light-Small,49.0,211,1,65.79
66674f3dea78d929780de200271d1536,SP,5,credit_card,Light-Small,29.0,424,1,36.78
8ec269bbb4cd0dc50384536a8b77c7f5,SP,4,boleto,Light-Small,95.0,126,1,102.53
deb58e474a5ac6947195f5421ea7a7ef,MG,3,credit_card,Light-Small,78.0,219,1,93.3
d00ea5d7b369bf08fa11ddfd2db8173f,MG,5,credit_card,Light-Small,39.0,315,1,54.1
bf721cd064b03dcac90a8e903e15a6b2,MG,5,boleto,Light-Small,29.0,304,1,43.1
0c001e52f187db590c01e00cb5b8a1d2,PA,4,credit_card,Light-Small,69.0,274,1,94.76
9fc4f47ca4f9a1f988bfc3bc6037dbe7,PE,2,boleto,Light-Small,35.0,73,1,54.16
669a095be23ecbe06b337b39888bc61b,RJ,5,credit_card,Light-Small,45.0,333,1,59.1
25d92c6c06f5fbdfc66aa5d91a5b17a4,SC,5,voucher,Light-Small,49.0,245,4,126.2
25d92c6c06f5fbdfc66aa5d91a5b17a4,SC,5,voucher,Light-Small,49.0,245,4,126.2
25d92c6c06f5fbdfc66aa5d91a5b17a4,SC,5,credit_card,Light-Small,49.0,245,4,126.2
25d92c6c06f5fbdfc66aa5d91a5b17a4,SC,5,credit_card,Light-Small,49.0,245,4,126.2
4dd8be21997b67cb6bdb882ad1137f15,GO,1,credit_card,Light-Small,49.0,18,1,67.44
02aecf671e2e14f201bd51873575098a,MG,5,boleto,Light-Small,56.0,377,1,70.14
9cf3794454b4f859eaacbd7db13b7364,SC,5,boleto,Light-Small,45.0,271,1,60.1
3c89cc8ee29eeafc70dc2d36cc523bda,SP,5,credit_card,Light-Small,49.0,37,1,56.6
e0bd63aa806c4fc7718dcfce3f3095c8,CE,5,boleto,Light-Small,39.0,317,1,56.63
b1c6db035dfac86244c0f0b8d18556ea,SP,4,credit_card,Light-Small,21.0,423,1,28.78
931b4625cb00b378f07ca1a17fd37381,MG,2,credit_card,Light-Small,149.0,230,1,163.79
9e2124550af4e69423ee717012e6f23e,PR,4,credit_card,Light-Small,65.0,351,1,80.2
b89fd25a1db85d8bef4ef37b2bcf696f,GO,5,credit_card,Light-Small,29.0,165,1,47.23
25d088925de5b8a24b06c9505000448b,SP,3,boleto,Light-Small,69.0,230,1,144.45
10aa8b368f3ed547197e8bf71b29aacb,PR,5,credit_card,Light-Small,78.0,40,2,386.6
10aa8b368f3ed547197e8bf71b29aacb,PR,5,credit_card,Light-Small,78.0,40,2,386.6
905b09aceebfc1b85def06a740b70399,MG,4,credit_card,Light-Small,56.0,266,1,70.14
50e144a731c36643ddae31575baa5c6e,SC,1,credit_card,Light-Small,45.0,191,1,60.1
61917d02d985f97864380b56245d461f,RS,5,boleto,Light-Small,39.0,37,2,229.48
61917d02d985f97864380b56245d461f,RS,5,boleto,Light-Small,39.0,37,2,229.48
c06ed558753b26a871544eb71f7ea9c2,PR,5,credit_card,Light-Small,49.0,448,1,63.1
86d3fe4ddf2692de0699c9b1c9e8df57,MS,4,credit_card,Light-Small,45.0,29,1,63.42
f170321e9d98109bd05c9669e71fc4b0,SP,4,boleto,Light-Small,78.0,57,1,85.81
91db678752ee943f3565ef444a7072ad,SP,2,credit_card,Light-Small,45.0,30,1,63.99
5f4cabf6980424d31df7199e53647b28,SP,4,credit_card,Light-Small,69.0,393,1,80.98
48c205f7c9e884863ef8e2799d387a52,PE,5,boleto,Light-Small,49.0,512,1,73.84
a0be8bd8b97ca99891f726d57b57bfae,SP,4,boleto,Light-Small,58.0,31,1,65.67
952314d81832bec79f508e87223d4fc8,PR,5,voucher,Light-Small,29.0,93,9,178.38
952314d81832bec79f508e87223d4fc8,PR,5,voucher,Light-Small,29.0,93,9,178.38
952314d81832bec79f508e87223d4fc8,PR,5,voucher,Light-Small,29.0,93,9,178.38
952314d81832bec79f508e87223d4fc8,PR,5,voucher,Light-Small,29.0,93,9,178.38
952314d81832bec79f508e87223d4fc8,PR,5,voucher,Light-Small,29.0,93,9,178.38
952314d81832bec79f508e87223d4fc8,PR,5,voucher,Light-Small,29.0,93,9,178.38
952314d81832bec79f508e87223d4fc8,PR,5,voucher,Light-Small,29.0,93,9,178.38
952314d81832bec79f508e87223d4fc8,PR,5,voucher,Light-Small,29.0,93,9,178.38
952314d81832bec79f508e87223d4fc8,PR,5,voucher,Light-Small,29.0,93,9,178.38
da9bab96fdd118c15297a11043d7b747,SP,5,credit_card,Light-Small,49.0,189,4,121.7
da9bab96fdd118c15297a11043d7b747,SP,5,credit_card,Light-Small,49.0,189,4,121.7
da9bab96fdd118c15297a11043d7b747,SP,5,voucher,Light-Small,49.0,189,4,121.7
da9bab96fdd118c15297a11043d7b747,SP,5,voucher,Light-Small,49.0,189,4,121.7
fd5df5d31bb44f4ffed6fe856c29802d,RJ,5,credit_card,Light-Small,78.0,64,1,93.65
ebca5a733316195ff6041c30e456d7e9,MS,5,voucher,Light-Small,49.0,159,1,64.23
f4aa93695146a0ddad769b160b645f32,CE,2,credit_card,Light-Small,59.0,205,1,76.69
8e957cdfb5ecdb1128b8fa65ebcd91af,PR,5,credit_card,Light-Small,95.0,55,1,110.77
ab94295af203770365849a7b5fc9958c,MG,5,boleto,Light-Small,49.0,307,1,63.1
680bd330794b5c1b79aa8e6a2cc7d573,SP,5,credit_card,Light-Small,69.0,72,1,76.74
3e6997627c5c910984100b9cb2c304da,PR,5,credit_card,Light-Small,57.0,226,1,72.15
d18a532953fbe5fc32410c6637e07e80,BA,5,credit_card,Light-Small,55.0,270,1,70.83
05486eac340ae6a8f4837c6ab027d5ed,SP,5,credit_card,Light-Small,95.0,127,2,389.98
05486eac340ae6a8f4837c6ab027d5ed,SP,5,credit_card,Light-Small,85.0,127,2,389.98
2028d59868c16385088ca96f56b803c8,MG,5,credit_card,Light-Small,29.0,298,2,172.4
2028d59868c16385088ca96f56b803c8,MG,5,credit_card,Light-Small,29.0,298,2,172.4
d8ee7aba8a882551b2786b1fe588962f,SP,5,credit_card,Light-Small,35.0,484,1,45.96
3dcb7de7de626eaa7947b0726b838c46,SP,5,credit_card,Light-Small,49.0,183,1,56.78
b151c788c2414af65c8c4ffac1a594e3,MG,4,boleto,Light-Small,78.0,365,1,93.3
7469e9b3dec857980ab4592b5bedeb78,SP,5,boleto,Light-Small,29.0,402,1,40.85
92acf3602b221560d5f2eb2ffa151b30,CE,4,boleto,Light-Small,59.0,13,1,78.32
e4acbb6c7d6f37e7e3549f41c95562c3,CE,1,credit_card,Light-Small,59.0,119,1,96.1
ad7c1f0f24e5bd4681a7646641714f81,RS,2,credit_card,Light-Small,49.0,528,1,64.65
dcb6353daa3fc0e81395644394405ec6,SP,5,credit_card,Light-Small,49.0,90,1,61.79
19e1bc50cd9ddab4681b913bd4839998,GO,5,boleto,Light-Small,55.0,279,1,70.14
f5ec9d075724aa5e4ede6b3e8442440b,SP,4,credit_card,Light-Medium,69.0,308,1,76.78
c4bd6a14690ef25b936bda7861e2e74d,BA,5,credit_card,Light-Small,37.0,525,1,57.8
c5223ed17c50a5c0c3f51a4b38b565f1,MG,3,credit_card,Light-Small,78.0,40,2,386.6
c5223ed17c50a5c0c3f51a4b38b565f1,MG,3,credit_card,Light-Small,78.0,40,2,386.6
908a17859ff430ff83afea6380f4b635,CE,3,boleto,Light-Small,29.0,533,1,53.84
d80b9b2a21321a180b82c0017fe8d9b1,RJ,4,boleto,Light-Small,49.0,497,1,63.11
d7bd9851956e423274945459c4ec7af8,PE,5,credit_card,Light-Small,199.0,42,1,219.3
6ec543ce9dcec8d8c8ccef9b30e3f5e0,SP,5,credit_card,Light-Small,78.0,220,1,85.8
de4f2f705b9a9b3ebaa3ad349020b52f,MG,3,credit_card,Light-Small,95.0,78,1,110.77
dbd70b996af60a18747c8204e3435c5c,SP,3,boleto,Light-Small,49.0,7,1,57.5
c7b204f3ef56183108dce3b69f5a964b,SP,5,credit_card,Light-Small,29.0,257,1,36.78
fda185b008fefd2163ccfcf0d1d116b7,SP,4,credit_card,Light-Small,49.0,287,1,56.78
19b28cd3a6d94e58269012fe64e77be2,SP,5,boleto,Light-Small,55.0,404,1,62.78
179c2bf3564c4f7a4f995f7f2332cd16,SP,4,boleto,Light-Small,56.0,81,1,63.39
0bd0b101f44fe42c7046dbfdc9d22376,SP,3,credit_card,Light-Small,55.0,65,1,62.65
9a1678c8e3deb80042e5562534fe7060,MG,5,credit_card,Light-Small,58.0,30,1,65.67
06479157217d318eb931662aa26919da,SP,4,credit_card,Light-Small,39.0,196,1,46.78
67a3c95ffc4184739559faccab4612e0,SP,5,credit_card,Light-Small,45.0,24,1,52.58
09742ba5cbfca33a3b9b61099ea648cd,SP,5,credit_card,Light-Small,78.0,90,1,85.41
9befa54088a64c56bcba0c4328fdcd1d,SP,4,credit_card,Light-Small,49.0,76,1,62.0
e67618ef4120e6f73c343ef079dc405e,MG,1,boleto,Light-Small,129.0,62,1,148.0
79bcc2daa707ab5534f2dde14f6491d0,SP,1,credit_card,Light-Small,49.0,161,1,56.39
102f97ac10e250abbeda21cd6c3094ac,MG,4,credit_card,Light-Small,59.0,369,1,74.16
04d4b764b4b6cd57ab59f0ab357b2450,MG,4,credit_card,Light-Small,99.0,371,1,114.44
213d35a2dc913e03096fde29f8a4aca7,SP,4,credit_card,Light-Small,55.0,425,1,62.78
6df926e23e9d935e27bcab0e120511d8,MG,5,credit_card,Light-Small,56.0,366,1,71.14
5b16f8c57dc45e6afd9f5c8a9a5cca6a,MG,3,credit_card,Light-Small,159.0,287,1,171.61
142fe8eada241df2f071e978e6dbc04c,SP,4,voucher,Light-Small,29.0,390,1,36.78
d60977f266fbf35d13d563da7286f472,GO,4,credit_card,Light-Small,79.0,358,1,94.3
572c7a22d51433eedbcd766cbc7dbc4f,RN,3,voucher,Light-Small,95.0,319,4,232.94
572c7a22d51433eedbcd766cbc7dbc4f,RN,3,voucher,Light-Small,95.0,319,4,232.94
572c7a22d51433eedbcd766cbc7dbc4f,RN,3,credit_card,Light-Small,95.0,319,4,232.94
572c7a22d51433eedbcd766cbc7dbc4f,RN,3,credit_card,Light-Small,95.0,319,4,232.94
b3599df63349cf8003d59661bc0f6a75,RJ,4,credit_card,Light-Small,29.0,391,1,44.1
9d551e21c348c49974415bb2e8eeb4b2,RJ,2,boleto,Light-Small,35.0,255,1,137.07
613f2c0ca4e0c3c8e161fa092f9ed98b,SP,5,credit_card,Light-Small,149.0,238,1,157.3
c4ac551ad523e6a4b6b0a5a6babd312c,SC,5,credit_card,Light-Small,29.0,395,1,44.1
7418c20b5b849992784b51ce99b43b1b,SP,5,credit_card,Light-Small,129.0,532,1,140.51
1d7dc770268b6a21bd58a278a1707794,PE,4,credit_card,Light-Small,69.0,107,4,176.34
1d7dc770268b6a21bd58a278a1707794,PE,4,credit_card,Light-Small,69.0,107,4,176.34
1d7dc770268b6a21bd58a278a1707794,PE,4,voucher,Light-Small,69.0,107,4,176.34
1d7dc770268b6a21bd58a278a1707794,PE,4,voucher,Light-Small,69.0,107,4,176.34
b955b2fb6c219be7ae9be4de79f310fc,SP,5,credit_card,Light-Small,189.0,84,1,202.76
02eb2cb944f2c276dd99a325eb741cdd,TO,5,credit_card,Light-Medium,145.0,125,1,164.7
92798cd0eead887b1731526180775beb,SP,5,credit_card,Light-Small,95.0,50,1,102.93
1233914219140e9e67169768bf6ee593,SC,5,credit_card,Light-Small,149.0,363,2,655.16
1233914219140e9e67169768bf6ee593,SC,5,credit_card,Light-Small,149.0,363,2,655.16
d759e1e92ecf8c1cbd551592f00019b5,SP,2,credit_card,Light-Small,55.0,300,1,62.78
17c409b1b344d18246c102be4419c73b,RJ,5,credit_card,Light-Small,45.0,35,1,60.42
a857a82a40ad62cdebf6683bfa5d6858,SP,5,credit_card,Light-Small,49.0,189,1,60.85
a703b86ab97781e7be2f36724882b9a6,RJ,4,credit_card,Light-Small,37.0,459,1,51.1
edeaa50f1c807316f652bda93c4d5f89,RS,5,credit_card,Light-Small,44.0,252,1,59.1
4298e6097bda6445b0533e89c00eb465,RS,5,credit_card,Light-Small,55.0,15,1,73.49
0f6c5adaf04a4fdb0387f73347dbffaf,SP,5,boleto,Light-Small,79.0,299,2,359.32
0f6c5adaf04a4fdb0387f73347dbffaf,SP,5,boleto,Light-Small,85.0,299,2,359.32
d3f3de2780c9d4dc54d116314cb4aa46,BA,5,credit_card,Light-Small,49.0,350,1,65.79
834881fcc1058894ba5170875c942055,SP,5,credit_card,Light-Small,49.0,111,1,61.79
c42527f634cdcc96d4576f9961815586,GO,2,credit_card,Light-Small,78.0,128,1,96.43
ac09b50d5b648f30126cc7ffceb97e8b,ES,4,credit_card,Light-Small,129.0,347,2,498.04
ac09b50d5b648f30126cc7ffceb97e8b,ES,4,credit_card,Medium-Small,89.0,347,2,498.04
af2769f59e5cc245e96ecb03eba856e7,SP,5,credit_card,Light-Small,29.0,153,4,72.78
af2769f59e5cc245e96ecb03eba856e7,SP,5,credit_card,Light-Small,29.0,153,4,72.78
af2769f59e5cc245e96ecb03eba856e7,SP,5,voucher,Light-Small,29.0,153,4,72.78
af2769f59e5cc245e96ecb03eba856e7,SP,5,voucher,Light-Small,29.0,153,4,72.78
b06eddb5752756297c7bdbf1dd89cd36,BA,4,credit_card,Light-Small,59.0,48,1,79.99
1c2d16e090fbe137760a0d66d2258c5b,SP,1,credit_card,Light-Small,49.0,379,1,56.78
9dd3d654d1cc127f5b0689812509ebbd,SP,1,credit_card,Light-Small,29.0,27,1,36.46
d7165639dc4a682258711343560a17d3,MG,5,credit_card,Light-Small,75.0,201,1,89.28
36051f35d72db8e13c444673d6599889,RJ,4,credit_card,Light-Small,49.0,44,1,64.44
897ed9ba7466250d5fbe3a8e6bc311a1,SP,5,credit_card,Light-Small,39.0,196,1,46.78
bb6209eca581fe91e5f09055a0e3e8b2,SC,2,boleto,Light-Small,209.0,15,1,228.56
d5e4defad0007701ad0083f4cca2b68e,SP,5,credit_card,Light-Small,78.0,64,1,85.81
929552054064c59d6e5bcc06dd67a56b,RJ,5,credit_card,Light-Small,29.0,58,1,44.3
c9444a4e408930bdf5341d081def10d0,PE,1,credit_card,Light-Small,55.0,105,1,74.08
f048e596eff8d43f340e3ec1b25086df,SP,5,credit_card,Light-Small,49.0,294,1,56.78
c01cb514d2cdef5688096a4c372f31c5,SP,5,debit_card,Light-Small,49.0,23,1,56.6
f33a6f0e963962d41631564f969717de,BA,5,credit_card,Light-Small,69.0,36,2,365.64
f33a6f0e963962d41631564f969717de,BA,5,credit_card,Light-Small,69.0,36,2,365.64
fe902415f7a8cb6528b7b20b4f7e5454,MG,4,credit_card,Light-Small,78.0,325,1,92.3
334bfd69f2b3792809da9d569bf08513,SP,5,credit_card,Light-Small,89.0,431,1,96.88
7d755564d79200285d76ddc0378906bb,MG,2,boleto,Light-Medium,145.0,40,1,161.12
7175c3ddc838d1b8c05b7b6db00116cb,BA,4,credit_card,Light-Small,49.0,402,1,65.79
5ffd2bc89ca698961b5ea85d21c80396,SP,3,credit_card,Light-Small,49.0,16,1,56.6
7e2fd260cc294a71f685312691b9d8f2,MG,5,credit_card,Light-Small,59.0,332,1,74.16
2b46d9e92a141eb116ecbf2c1e6565ab,RJ,2,credit_card,Light-Small,49.0,118,1,64.23
bc384df13ace1001c894117989ccfeac,SP,3,credit_card,Light-Small,29.0,278,2,163.4
bc384df13ace1001c894117989ccfeac,SP,3,credit_card,Light-Small,29.0,278,2,163.4
4b6eb13b4edd7bcba2c88a07c522f53a,GO,4,boleto,Light-Small,21.0,367,1,36.1
0fbb00ce9569487ef8b95b9ec0b8e118,PR,4,voucher,Light-Small,78.0,514,4,185.44
0fbb00ce9569487ef8b95b9ec0b8e118,PR,4,voucher,Light-Small,78.0,514,4,185.44
0fbb00ce9569487ef8b95b9ec0b8e118,PR,4,credit_card,Light-Small,78.0,514,4,185.44
0fbb00ce9569487ef8b95b9ec0b8e118,PR,4,credit_card,Light-Small,78.0,514,4,185.44
4cd1aba36c0408f9dd728acb8e7704ef,BA,5,boleto,Light-Small,45.0,24,1,62.25
81f83454520b2f21689bc76d2d19a6b2,SP,5,boleto,Light-Small,38.0,120,1,45.39
b4ca85bae934dd7e0ae4a60388f35638,RJ,5,credit_card,Light-Small,29.0,311,2,172.4
b4ca85bae934dd7e0ae4a60388f35638,RJ,5,credit_card,Light-Small,29.0,311,2,172.4
e200b9823371b1da02a7ac74702a1f3a,MG,5,voucher,Light-Small,149.0,364,4,329.58
e200b9823371b1da02a7ac74702a1f3a,MG,5,voucher,Light-Small,149.0,364,4,329.58
e200b9823371b1da02a7ac74702a1f3a,MG,5,credit_card,Light-Small,149.0,364,4,329.58
e200b9823371b1da02a7ac74702a1f3a,MG,5,credit_card,Light-Small,149.0,364,4,329.58
74395fb4810519fdb972dab7d83b97d2,DF,4,boleto,Light-Small,29.0,532,1,44.65
21ce25f273b50ad839ae9b47fc23aaee,SP,1,credit_card,Light-Small,55.0,33,1,62.65
3f0bd16414d5fee5cb1d19769c3c825e,SP,5,credit_card,Light-Small,199.0,101,1,207.26
01541240e24ed7cc26a5e0dd60c57c30,RJ,4,credit_card,Light-Small,79.0,492,1,93.31
069c942e82eba9152f2797da49e1e764,RJ,5,credit_card,Light-Small,49.0,539,1,63.52
efa9c1017b6b7dc094571e2678e972d6,SP,5,credit_card,Light-Small,89.0,381,1,96.88
e3d0615c4b434d03fd22c8599ab02195,DF,5,credit_card,Light-Small,49.0,290,1,63.1
6465bd930c1243ba5479f364f2783e10,SP,5,boleto,Light-Small,29.0,310,1,36.78
7add403a697858f1a47857c3e396b54d,DF,2,boleto,Light-Small,49.0,114,1,59.66
5c2252e80398f0d74434863dc25faf92,RJ,4,boleto,Light-Small,199.0,287,1,215.14
b133f8b6eeb1b73bb5a9f49b9c049657,AL,5,credit_card,Light-Medium,145.0,79,1,196.74
766d92701a07c57f2b57f01fe97c4405,PR,4,boleto,Light-Small,29.0,379,1,43.1
59ecb3cd1a0a6e1e028d208ee17a1765,SP,5,credit_card,Light-Small,78.0,118,1,90.99
602cd37236aba223c5f8e60983603b3e,BA,5,credit_card,Light-Small,89.0,442,1,106.06
efe7223c61aefb57948d1a7d8d53f5f7,DF,5,credit_card,Light-Small,59.0,33,1,74.51
6439ea90707454d13d653853845f5721,SP,2,credit_card,Light-Small,149.0,276,1,161.54
a9e46cc867db067cd9b59eaad29c6c89,SP,5,boleto,Light-Small,49.0,316,1,56.78
0ee4b421ef183a074b24f04f970145d2,ES,3,boleto,Light-Small,55.0,21,1,73.49
6a6080efe1fe4bd44070465cb7375c5c,SP,2,boleto,Light-Small,49.0,380,1,56.78
9133cb90522f72e75f73e9a200ab61ec,SP,3,credit_card,Light-Medium,145.0,240,1,153.27
3779bc83dd081d3bbaca961b1239d1c9,MG,5,credit_card,Light-Small,45.0,429,1,59.1
c2bbc83c60864126b38449e6094bb966,SP,5,credit_card,Light-Small,29.0,318,1,40.85
14c5a62a317324d6479b2f68c58fd162,MG,5,credit_card,Light-Small,89.0,292,1,104.37
c2b72d9208c75ce2fef3d3a3d4ff0f47,SC,5,credit_card,Light-Small,49.0,455,1,64.1
74a5f021f6b7287c7c7928937d5c378b,PE,1,credit_card,Light-Small,49.0,211,2,246.5
74a5f021f6b7287c7c7928937d5c378b,PE,1,credit_card,Light-Small,39.0,211,2,246.5
cd8ac46f1eec8868e3aea3b40b220a0b,SP,5,credit_card,Light-Small,49.0,250,1,56.78
9d458da74858da5267ed59b42738c8b9,SP,4,credit_card,Light-Small,49.0,269,1,56.78
73d9f32ef0104fe1b3203f711ca28e7e,RJ,5,credit_card,Light-Small,45.0,306,1,60.1
e23b657df455a7833ebe73d997216d93,MG,5,credit_card,Light-Small,29.0,489,1,43.52
82bbabf74d3e033c6b45091ff046a134,RJ,1,credit_card,Light-Small,49.0,174,1,67.23
4ce13550ee2faa98b72b3c507e1144f5,BA,3,credit_card,Light-Small,99.0,244,1,115.13
71cc26bc7864619a4a736dd09806d067,RJ,5,boleto,Light-Small,55.0,211,1,69.14
a05cf79a29e1e55205a7d695975a7a0a,PR,5,boleto,Light-Small,29.0,313,1,44.1
f297e171b9421ec5af62706faef3c620,PE,3,debit_card,Light-Small,49.0,125,2,364.8
f297e171b9421ec5af62706faef3c620,PE,3,debit_card,Light-Small,95.0,125,2,364.8
5944fcd0423637dc7497ef10187e073b,SE,1,credit_card,Light-Small,49.0,320,1,70.15
967a3618f5b308110ab6eee2c31a0187,SP,1,boleto,Light-Small,48.0,8,1,55.6
c3b95aff4e8ce920cf04ddae0ad7b7af,RJ,5,credit_card,Light-Small,79.0,544,1,93.72
cd943f34343cbbbbe4ca1219e227ae47,MA,5,credit_card,Light-Small,55.0,115,1,77.89
30bf64b71d75305d57cc0d8bdeaaa92d,MG,5,boleto,Light-Small,29.0,296,1,44.1
ca15767a3c28ef04c7f7b6bb3cace110,SP,5,boleto,Light-Small,44.0,14,1,56.97
dced0cc0cebc0baa44511a39ec893189,SP,5,boleto,Light-Small,48.0,3,1,55.6
dfdc7f1b2a4867687e05f63eb473f8b3,SP,1,boleto,Light-Small,69.0,421,1,76.78
06691a2638e9d6c12e0e4182a7e5bf4f,RJ,4,credit_card,Light-Small,95.0,84,1,110.55
42a2af95bbf8a66f1eef9611be7231b2,SC,5,credit_card,Light-Small,48.0,535,1,62.52
091f8a46596e5e19c071bbe12abd1ca6,SP,4,credit_card,Light-Small,55.0,229,1,62.78
22ae4a6295e60e8d01f407d37313f0c5,MG,5,boleto,Light-Small,69.0,93,1,87.36
f7962da40aedf8ef1a4d3caaaf10f941,MG,4,credit_card,Light-Small,49.99,224,1,65.09
b2612e81be79104e87d8591d9158328b,PE,5,credit_card,Light-Small,55.0,148,1,74.08
c8c1f0597230ba044bb8cfb67fd31dd0,MA,3,boleto,Light-Small,49.0,397,1,70.15
2c9430b7dbbcfb7bf899c13216a6d3ac,SP,5,boleto,Light-Small,35.0,119,1,42.39
49230f693cd117ce90fc3bfd8a148ce3,SP,5,voucher,Light-Small,49.0,118,1,56.39
1571123ba3a4790706ced4a3addabac3,MG,4,boleto,Light-Small,49.0,261,1,64.1
4d6fbcefdd7b6cdb4e2b7d45176fa670,MG,3,credit_card,Light-Small,79.0,280,1,93.3
e5b4d61850970b92a6f569e238861e53,PR,4,credit_card,Light-Small,55.0,181,2,268.46
e5b4d61850970b92a6f569e238861e53,PR,4,credit_card,Light-Small,49.0,181,2,268.46
74541a9337d058343f559c16d898a69d,RS,4,credit_card,Light-Small,89.0,441,1,104.37
a51586aea47df8c3b03d999120490b21,SP,5,boleto,Light-Small,49.0,336,1,56.78
06b0824dfbfaad0e7df1a9dbb38a321f,SP,1,credit_card,Light-Small,65.0,294,2,295.72
06b0824dfbfaad0e7df1a9dbb38a321f,SP,1,credit_card,Light-Small,59.0,294,2,295.72
1472a76c9d36fd2791393544b9c92983,RJ,5,credit_card,Light-Small,29.0,114,3,398.04
1472a76c9d36fd2791393544b9c92983,RJ,5,credit_card,Light-Small,29.0,114,3,398.04
1472a76c9d36fd2791393544b9c92983,RJ,5,credit_card,Light-Small,29.0,114,3,398.04
385ad726431f19652a724047cf1bc085,RS,4,boleto,Light-Small,55.0,18,1,73.49
3619df7a89a873ba249bf47e9fc6ed2c,SP,5,credit_card,Light-Small,39.0,360,2,199.12
3619df7a89a873ba249bf47e9fc6ed2c,SP,5,credit_card,Light-Small,45.0,360,2,199.12
64567be7188b03c43b27b97a4d0596fb,MG,5,boleto,Light-Small,49.0,300,1,64.1
fd19babfab0462f47c7f06d599258b11,BA,5,credit_card,Light-Small,29.0,226,1,44.79
fb776c31b53a1f918c012a98ecd1050f,SP,5,credit_card,Light-Small,49.0,435,2,207.12
fb776c31b53a1f918c012a98ecd1050f,SP,5,credit_card,Light-Small,39.0,435,2,207.12
e8cf85adfbc68653c831f02159ec04c3,SP,5,credit_card,Light-Small,55.0,126,1,67.83
e31c5000fbee5b79061e5c07f848bfbe,SP,3,credit_card,Light-Small,78.0,84,1,85.41
bf7c8f97ec53670a016b95248a03528e,BA,5,credit_card,Light-Small,49.0,241,1,64.79
4b63832d8981eeb3359955d8057588e1,SP,5,credit_card,Light-Small,49.0,267,1,56.78
a90e80167bf47fa1cc55a9011380e925,DF,1,credit_card,Light-Small,95.0,173,1,110.55
06a552b13fb2cc33c6fde4ff1de4c9c9,SP,1,boleto,Light-Small,39.0,357,1,46.78
a923843252d5090aadd4b233b3ba66b5,SP,5,credit_card,Light-Small,59.0,430,1,66.78
9b346222f99aa5a395b40a266e38a0c5,SP,4,credit_card,Light-Small,49.0,63,1,56.6
f6213d96fa0cde54d863dd5d69444587,ES,4,credit_card,Light-Small,95.0,35,1,113.77
689bfbfc2b6153e94e7ca8a1b52e3308,PR,5,boleto,Light-Small,78.0,52,1,96.65
22de66d61152dcce3ff193b0734a2a7f,SP,5,boleto,Light-Small,55.0,39,1,62.65
6b6d4e00580b09f566797ecde25bfc1e,RS,5,boleto,Light-Small,78.0,54,1,93.65
3a5cad64482bcecb235e7542db8448f1,PA,3,credit_card,Light-Small,39.0,306,1,56.63
bb0b336b64ce8d27877043e5f9477e67,SP,5,boleto,Light-Small,78.0,23,1,85.81
2aa0137ee863ad6d30c38d370ff97347,RJ,5,boleto,Light-Small,49.0,336,1,63.1
1eea983564b20daaf35af83ca571e950,MG,5,credit_card,Light-Small,55.0,65,1,73.49
a4f2d6fe9525ae4f6e009bf77e622e49,SP,1,credit_card,Light-Small,59.0,406,4,133.56
a4f2d6fe9525ae4f6e009bf77e622e49,SP,1,credit_card,Light-Small,59.0,406,4,133.56
a4f2d6fe9525ae4f6e009bf77e622e49,SP,1,credit_card,Light-Small,59.0,406,4,133.56
a4f2d6fe9525ae4f6e009bf77e622e49,SP,1,credit_card,Light-Small,59.0,406,4,133.56
2dfbf74859104caf100df3720a1d833d,PR,4,credit_card,Light-Small,49.0,183,1,64.1
c2f9727e28c5a4b924388415883459fa,SP,3,credit_card,Light-Small,29.0,295,1,40.85
09eabd495689fce0ed536d807c1cdc0f,SP,5,credit_card,Light-Small,29.0,168,1,41.79
36b3899fb68249e20559b4cf0b16bd59,GO,5,credit_card,Light-Small,69.0,76,1,87.58
961071125f29a1927a25ae916455ef78,PA,5,credit_card,Light-Small,78.0,39,1,115.46
9206446f02c90ae87b437e8273e6acb1,SP,5,credit_card,Light-Small,55.0,167,1,62.39
1ccc792b6dd0c921196d290780e11754,RJ,5,credit_card,Light-Small,29.0,385,1,43.1
a69cbe2a4ff0356a87a6de672b2f7b58,MG,5,boleto,Light-Small,69.0,278,1,84.23
f22b0df1b7a5bae93a61acc0a0029488,SP,5,credit_card,Light-Small,45.0,107,1,57.79
a09bc5e0bf00f02162fc11c5ba76ae72,BA,4,credit_card,Light-Small,34.0,117,1,51.06
52aceafe10a008aa9d22dfcb077b4c87,PE,3,credit_card,Light-Small,49.0,95,1,68.04
43c81caa01b8ac5a989eecda84d57906,SP,2,credit_card,Light-Small,55.0,259,1,62.78
66e2f80c06f37ad506fee5024dfd3ae9,SP,1,credit_card,Light-Small,55.0,280,1,62.78
b18406a3ade96967766b9868c6989d5d,SE,5,credit_card,Light-Small,59.0,34,1,110.13
9a935364cca30059364ef4469083e8f8,MG,5,credit_card,Light-Small,29.0,489,1,43.11
db18213211c2b66e2a8371651ca0fc0b,SC,5,credit_card,Light-Small,29.0,279,1,44.1
ca5d72f1c65589324e254fde9bf9b59e,MG,1,boleto,Light-Small,29.0,211,3,396.87
ca5d72f1c65589324e254fde9bf9b59e,MG,1,boleto,Light-Small,29.0,211,3,396.87
ca5d72f1c65589324e254fde9bf9b59e,MG,1,boleto,Light-Small,29.0,211,3,396.87
bf6b253b57084074028db05fcb09acba,SP,3,credit_card,Light-Small,49.0,551,8,431.68
bf6b253b57084074028db05fcb09acba,SP,3,credit_card,Light-Small,49.0,551,8,431.68
bf6b253b57084074028db05fcb09acba,SP,3,credit_card,Light-Small,37.0,551,8,431.68
bf6b253b57084074028db05fcb09acba,SP,3,credit_card,Light-Small,37.0,551,8,431.68
bf6b253b57084074028db05fcb09acba,SP,3,credit_card,Light-Small,49.0,551,8,431.68
bf6b253b57084074028db05fcb09acba,SP,3,credit_card,Light-Small,49.0,551,8,431.68
bf6b253b57084074028db05fcb09acba,SP,3,credit_card,Light-Small,37.0,551,8,431.68
bf6b253b57084074028db05fcb09acba,SP,3,credit_card,Light-Small,37.0,551,8,431.68
17c1412c427af66da3361d4ff927384c,MG,5,credit_card,Light-Small,49.0,164,1,65.95
62760177f446ab92bf0eae908cab9938,MG,5,credit_card,Light-Small,59.0,272,1,74.16
4ab32b3b9044333d1466d21fc1a59bae,DF,5,credit_card,Light-Small,55.0,63,1,70.49
16195a3a52d14b7a0d2e4b60ab64e9aa,TO,4,credit_card,Light-Small,29.0,496,2,227.12
16195a3a52d14b7a0d2e4b60ab64e9aa,TO,4,credit_card,Light-Small,49.0,496,2,227.12
0fbcbe7aadcdd17621abb6f3661aae3e,MG,5,credit_card,Light-Small,119.0,28,1,134.93
22b53ed9754711b0c879e9269ff9072e,SP,1,credit_card,Medium-Small,89.0,310,1,101.96
c93a9ec5d4bac23fb81ecb31559d9dbc,SP,4,credit_card,Light-Small,49.0,334,1,56.78
29151ff994496b7c0ba04e6dfc65005e,PR,2,credit_card,Light-Small,78.0,76,1,96.65
968608ae5dd04c867ce28fda6b8642e9,SP,5,credit_card,Light-Small,59.0,391,1,66.78
c1193057b66b6e369eabc16df122e985,SP,2,boleto,Light-Small,49.0,333,1,56.78
a4281c769d0b18874653319a49618bbe,SP,3,credit_card,Light-Small,78.0,24,1,85.81
e2a6c60309057c889ff6c32fabca6b5e,RS,2,credit_card,Light-Small,55.0,139,1,70.27
2b90890b2113b49b09d4db68083c123e,RN,5,credit_card,Light-Small,29.0,195,1,50.15
e44c08ac5ea60fdd6fb0b82a17c0bcf5,BA,2,credit_card,Light-Small,189.0,301,1,205.76
6882c809bf72dedcfb767969eaf59ba6,SP,4,boleto,Medium-Small,89.0,509,1,97.99
aa6811129215d8c85ccbebd4454b17f2,RJ,2,credit_card,Light-Medium,125.0,482,1,140.04
7f8974f5f4703cf2425f054b9a4dd6fb,PR,4,credit_card,Light-Small,78.0,56,1,96.65
1f182ea0d83bd0a076cf57ef94768e48,BA,3,credit_card,Light-Small,78.0,29,1,100.48
0297d4246fd48c7ed31b81c7f99776eb,PE,5,credit_card,Light-Small,55.0,49,4,184.60000000000002
0297d4246fd48c7ed31b81c7f99776eb,PE,5,credit_card,Light-Small,55.0,49,4,184.60000000000002
0297d4246fd48c7ed31b81c7f99776eb,PE,5,voucher,Light-Small,55.0,49,4,184.60000000000002
0297d4246fd48c7ed31b81c7f99776eb,PE,5,voucher,Light-Small,55.0,49,4,184.60000000000002
efe08982a49e9a8da90432a7bacf7a87,SP,3,credit_card,Light-Small,69.0,194,1,76.78
36aada8c807b66723073f6ee9add27a2,SP,4,credit_card,Light-Small,29.0,408,4,668.48
36aada8c807b66723073f6ee9add27a2,SP,4,credit_card,Light-Small,29.0,408,4,668.48
36aada8c807b66723073f6ee9add27a2,SP,4,credit_card,Light-Small,29.0,408,4,668.48
36aada8c807b66723073f6ee9add27a2,SP,4,credit_card,Light-Small,49.0,408,4,668.48
0fd2a829cdb30cc3ff0ae0c398c912f6,SC,3,boleto,Light-Small,39.0,227,1,54.1
702c309288b89d7dffc52be2907d7530,SP,5,boleto,Light-Small,49.0,357,1,56.78
eea124edbee454acca89363d46f8b7c0,BA,1,credit_card,Light-Small,55.0,84,1,72.1
386a6f3a8586bb3c2d2b923312c36572,CE,4,credit_card,Light-Small,89.0,29,1,108.53
ef60712cc7d090f88ca4c0adef53e4d0,RS,3,credit_card,Light-Small,49.0,49,1,64.44
4d1717454686116ca5d1f153ca5baae1,RJ,5,credit_card,Light-Small,78.0,101,1,96.43
e79dc41727a1e98c2f8f042a432b6ead,PR,2,voucher,Light-Small,55.0,41,18,440.94
e79dc41727a1e98c2f8f042a432b6ead,PR,2,voucher,Light-Small,55.0,41,18,440.94
e79dc41727a1e98c2f8f042a432b6ead,PR,2,voucher,Light-Small,55.0,41,18,440.94
e79dc41727a1e98c2f8f042a432b6ead,PR,2,voucher,Light-Small,55.0,41,18,440.94
e79dc41727a1e98c2f8f042a432b6ead,PR,2,voucher,Light-Small,55.0,41,18,440.94
e79dc41727a1e98c2f8f042a432b6ead,PR,2,voucher,Light-Small,55.0,41,18,440.94
e79dc41727a1e98c2f8f042a432b6ead,PR,2,credit_card,Light-Small,55.0,41,18,440.94
e79dc41727a1e98c2f8f042a432b6ead,PR,2,credit_card,Light-Small,55.0,41,18,440.94
e79dc41727a1e98c2f8f042a432b6ead,PR,2,credit_card,Light-Small,55.0,41,18,440.94
e79dc41727a1e98c2f8f042a432b6ead,PR,4,voucher,Light-Small,55.0,41,18,440.94
e79dc41727a1e98c2f8f042a432b6ead,PR,4,voucher,Light-Small,55.0,41,18,440.94
e79dc41727a1e98c2f8f042a432b6ead,PR,4,voucher,Light-Small,55.0,41,18,440.94
e79dc41727a1e98c2f8f042a432b6ead,PR,4,voucher,Light-Small,55.0,41,18,440.94
e79dc41727a1e98c2f8f042a432b6ead,PR,4,voucher,Light-Small,55.0,41,18,440.94
e79dc41727a1e98c2f8f042a432b6ead,PR,4,voucher,Light-Small,55.0,41,18,440.94
e79dc41727a1e98c2f8f042a432b6ead,PR,4,credit_card,Light-Small,55.0,41,18,440.94
e79dc41727a1e98c2f8f042a432b6ead,PR,4,credit_card,Light-Small,55.0,41,18,440.94
e79dc41727a1e98c2f8f042a432b6ead,PR,4,credit_card,Light-Small,55.0,41,18,440.94
4d3c8544c15c6485f585f143cf79cfd3,SP,5,credit_card,Light-Small,59.0,75,1,72.07
cc220e7ea3acb606f74a9ef371b73dd5,SP,4,credit_card,Light-Small,49.0,23,1,56.6
135ba949ad95f6ece6b72f07587a7aa5,SP,2,credit_card,Light-Small,55.0,29,1,62.65
a7c6653654e36720ded54cb3f92432a3,SP,1,boleto,Light-Small,56.0,302,1,63.78
a7f72d95e85d8537e4c642c4a3c6c25c,CE,5,credit_card,Light-Small,56.0,220,1,81.67
fc301a28547d4f7a0b7673bae668c0b4,RN,5,credit_card,Light-Small,199.0,77,1,251.11
deb460805396b2a842889d73a69d3c23,MA,5,credit_card,Light-Medium,45.0,226,1,66.15
439adb41e2c206f3f1a7825ce4708083,PE,5,credit_card,Light-Small,69.0,200,1,86.76
8ba94df575a711d67b290b53bca38eed,SP,4,credit_card,Light-Small,35.0,56,1,42.51
51f407d9c0d2379f49ad0d507c855193,SP,4,credit_card,Light-Small,69.0,279,4,153.56
51f407d9c0d2379f49ad0d507c855193,SP,4,credit_card,Light-Small,69.0,279,4,153.56
51f407d9c0d2379f49ad0d507c855193,SP,4,voucher,Light-Small,69.0,279,4,153.56
51f407d9c0d2379f49ad0d507c855193,SP,4,voucher,Light-Small,69.0,279,4,153.56
96cdc262f3e83639c49bc5208b416d9a,MG,5,credit_card,Light-Small,55.0,42,1,70.49
2dd769df72fbd8448297d18c48df7b92,BA,1,voucher,Light-Small,45.0,496,4,131.6
2dd769df72fbd8448297d18c48df7b92,BA,1,voucher,Light-Small,45.0,496,4,131.6
2dd769df72fbd8448297d18c48df7b92,BA,1,credit_card,Light-Small,45.0,496,4,131.6
2dd769df72fbd8448297d18c48df7b92,BA,1,credit_card,Light-Small,45.0,496,4,131.6
96243d9386f01776c0d5777d3a26bcc0,MA,4,credit_card,Light-Small,55.0,185,1,89.19
527eaf78e1c63a381662225c831bb919,SP,5,credit_card,Light-Small,29.0,388,1,36.78
056cdf1a3fc87b23ae6a0348132b7095,SP,5,boleto,Light-Small,55.0,360,1,62.78
e77a5ecefb294ce09aa81b5fc5268a2c,SP,5,credit_card,Light-Small,49.0,233,1,60.85
bb3ef6ad2a44a8b8f5218b23475a0b32,SE,1,voucher,Light-Small,49.0,408,4,140.3
bb3ef6ad2a44a8b8f5218b23475a0b32,SE,1,voucher,Light-Small,49.0,408,4,140.3
bb3ef6ad2a44a8b8f5218b23475a0b32,SE,1,voucher,Light-Small,49.0,408,4,140.3
bb3ef6ad2a44a8b8f5218b23475a0b32,SE,1,voucher,Light-Small,49.0,408,4,140.3
4144990d3b38884364646c004ef9b076,SP,2,credit_card,Light-Small,29.0,153,1,36.39
6b7d1dd42181e388028e9ac8d8045168,PA,5,boleto,Light-Small,29.0,357,1,46.63
647fcb132a1af0014cba5d45d57d93f2,SC,5,boleto,Light-Small,65.0,260,1,79.2
26408ea75ae8557eb66fe7ff74ca2416,ES,1,credit_card,Light-Small,49.0,311,1,63.1
16bdd3f68c02639c6ff5549d835dbbb3,SP,3,credit_card,Light-Small,35.0,546,1,43.72
de4f592a5c6155b2fe6f87b30aaeec9c,RS,5,credit_card,Light-Small,49.0,241,1,64.1
1a814d4c8923ef3a0e978777f00b717c,DF,5,credit_card,Light-Small,65.0,173,1,80.33
5339f401847301b76dcf82f4a648f5fe,SP,1,credit_card,Light-Small,55.0,78,3,497.34000000000003
5339f401847301b76dcf82f4a648f5fe,SP,1,credit_card,Light-Small,44.0,78,3,497.34000000000003
5339f401847301b76dcf82f4a648f5fe,SP,1,credit_card,Light-Small,44.0,78,3,497.34000000000003
6452d9268964d65bab708657e21be42a,CE,5,credit_card,Light-Small,55.0,131,2,296.32
6452d9268964d65bab708657e21be42a,CE,5,credit_card,Light-Small,55.0,131,2,296.32
4a04c64271ec0baed8ecde8869bae718,MG,3,credit_card,Light-Small,49.0,447,1,64.1
012614499e669f2afb78750ab13273c9,SP,5,credit_card,Light-Small,49.0,310,1,56.78
0ebf4ea5d562d47342359187bc4a1dd3,SP,5,credit_card,Light-Small,49.0,411,1,56.78
4684221e1368a6ff329a4d7a6262a974,SP,1,credit_card,Light-Small,29.0,289,1,36.78
f5b0f4b5e6d149124be59ff0f5b3001f,SP,3,credit_card,Light-Small,65.0,230,1,72.78
4398328fa3c2b8ad79b777604cf9334d,SP,5,credit_card,Light-Small,45.0,82,1,57.79
d402764a7ce0b2bc443330e94523f26f,RJ,1,boleto,Light-Small,49.0,360,1,63.1
c4dda7f2ec051e0b838519a511d05cc5,SP,4,credit_card,Light-Small,49.0,351,1,56.78
a311ee3ace919e91f7bfe39b98976f57,SP,5,credit_card,Light-Small,78.0,130,1,90.99
e28eb9092b15da1e8ad79eed5ccb6912,MG,3,credit_card,Light-Small,49.0,13,1,64.44
d468f9fd5b79e8d23f71a60901ccf2eb,PE,5,credit_card,Light-Small,55.0,375,2,238.6
d468f9fd5b79e8d23f71a60901ccf2eb,PE,5,credit_card,Light-Small,29.0,375,2,238.6
4c03abcc993988fac51de1039b15a71e,MG,5,credit_card,Light-Small,55.0,35,1,73.49
d6ed4b9b153462e57e9aeb295d89e3ce,MT,1,credit_card,Light-Small,99.0,163,1,121.4
1bc79b53aca260fc2ed45c7164266cca,BA,5,credit_card,Light-Small,45.0,59,1,67.25
4da799d14f41e5eba0086f5e718a4a52,RJ,5,boleto,Light-Small,49.0,483,1,63.11
e4a55eed69fa7e98992be7fdc783a67d,PA,2,credit_card,Light-Small,95.0,157,1,114.36
181ec1b5fe9a1e889ee634c154297e27,SP,5,credit_card,Light-Small,44.0,83,1,51.39
2438ba50f3a77cbfd3377900835fb526,RJ,2,voucher,Light-Small,49.0,127,1,67.23
9f499d6fb0d24a3acfbe5868deba0bfc,MG,4,credit_card,Light-Small,89.0,218,1,104.37
152f7f1e31c841edcb2e9d218b90e2af,SP,4,credit_card,Light-Small,95.0,532,1,106.28
ba33a4cae101690de645fad078ba96f3,PB,5,credit_card,Light-Small,49.0,209,1,70.15
807ef2b1870358b473e99027f30f2064,SP,5,voucher,Light-Small,49.0,488,4,119.92
807ef2b1870358b473e99027f30f2064,SP,5,voucher,Light-Small,49.0,488,4,119.92
807ef2b1870358b473e99027f30f2064,SP,5,voucher,Light-Small,49.0,488,4,119.92
807ef2b1870358b473e99027f30f2064,SP,5,voucher,Light-Small,49.0,488,4,119.92
d2dd0d296120bd8886f775860bd3a3cd,SP,5,boleto,Light-Small,49.0,451,1,60.85
de3a77b7c985dbd4e42485ac20050031,MG,3,credit_card,Light-Small,49.0,109,1,67.23
5c3aa55394c788b6669d49695e37776b,RJ,4,credit_card,Light-Small,59.0,41,1,74.51
60f67a438666394c312de0582e1aee18,SP,5,credit_card,Light-Small,149.0,169,1,156.91
3de66df13ed430902d7e393832a5b25e,SP,5,credit_card,Light-Small,29.0,266,1,36.78
887a7f0cf91952bc799bc7a555262389,SP,5,credit_card,Light-Small,29.0,24,1,36.46
17347cd672444b9489c0798ca77ff3f7,SP,4,credit_card,Light-Small,49.0,159,1,56.39
3b27da18d64ee8f7fb30825de5d4e78c,SP,4,credit_card,Light-Small,59.0,169,1,66.39
ff55a5afd93c0f7de549bd83e418f55a,SP,3,credit_card,Light-Small,77.0,9,1,84.8
f802cd630bf91e3ac28c73f26e1a9f94,RJ,5,credit_card,Light-Small,49.0,493,1,63.52
7bcc8224c35b0255465d83404c662c23,MG,4,credit_card,Light-Small,78.0,72,1,96.65
7b6457d611a0a8400c8d53979ee5878f,SP,5,credit_card,Light-Small,44.0,202,1,51.78
1f465a9c67eae2c93ea1dd105785b9a6,RN,1,credit_card,Light-Small,19.0,128,1,190.25
9aa815a3c997d7178df3b6ede20a1363,SP,4,credit_card,Light-Small,29.0,217,1,36.78
0abbad9859d57687867b8fbb2650a5ce,SP,5,credit_card,Light-Small,29.0,33,1,41.86
da432f82dd35cf00fb08da4a18150c82,MG,1,credit_card,Light-Small,95.0,100,1,104.79
9da9f8e848345e991dc948bbf273ad4f,SP,5,credit_card,Light-Small,29.0,387,1,36.78
57881a5d221c6786c46880c5358abb30,SP,5,boleto,Light-Small,49.0,26,1,56.6
070e9150f3506123fdf71f5a4e1b879b,MG,4,credit_card,Light-Small,99.0,203,1,114.44
2adc4ecc065ed5dab8712d820c8a6849,SP,5,credit_card,Light-Small,49.0,26,1,56.6
de7e03a771b55aac3a9a2467e2e93be3,RS,3,credit_card,Light-Small,29.0,535,1,44.65
5370e275eb7b56d78bd41f03c6446232,ES,1,voucher,Light-Small,44.0,20,1,193.21
1201779af32273e7d0a14ab05164ab0b,PR,5,credit_card,Light-Small,78.0,34,1,96.65
14bfdb077e1683258a8069501d9957aa,SP,3,credit_card,Light-Small,49.0,69,1,62.0
7854d57bf936cccbe07a2741b7e252a9,SP,2,debit_card,Light-Small,78.0,127,1,90.99
6ac47e54cdb3856e0162294aaf1ea58a,RJ,3,credit_card,Light-Small,45.0,79,1,60.42
ce7bb4d2cf76d2692bf39ad988f7ecd4,SP,4,credit_card,Light-Small,78.0,84,1,85.41
b435b489e4d9921ea0ac305e4e9ae452,MG,4,credit_card,Light-Small,29.0,342,1,44.1
7f3c887db8ec3506117be4612105cf28,SE,3,credit_card,Light-Small,78.0,87,1,101.05
9af7632712dff734a555759e4ffd8826,SP,5,credit_card,Light-Small,49.0,335,1,56.78
4aa4b0bc224d904c78b9416cf90bc686,BA,1,boleto,Light-Small,39.0,425,1,54.79
debc1e05c1064a78d0fc863eff89d3c8,PA,4,credit_card,Light-Small,59.0,522,1,83.9
52a76bd19c7bb19417adef1b8d5865c9,RS,3,credit_card,Light-Small,49.0,334,1,64.1
6a2d6e58eeba8f38a5119e50e82878df,MG,5,credit_card,Light-Small,199.0,290,1,207.65
eaa7f09c09e38753fad7facfd20ecb5a,AL,1,credit_card,Light-Small,79.0,517,1,99.6
3482b292984426dc8cef7892c48027b6,RJ,4,credit_card,Light-Small,49.0,40,1,64.44
bd6aa8a8ba9ecfb04556f483d00ca520,MG,5,credit_card,Light-Small,49.0,274,1,63.1
7c26a3de94d7bc7a532974bf3de191a1,SP,4,credit_card,Light-Small,78.0,89,1,90.99
5decefaaf5f030d53b314debf4563cc7,PE,4,boleto,Light-Small,159.0,309,1,177.39
2a49861a1d5d394bcfab48c9a2edf700,MG,5,boleto,Light-Small,29.0,109,1,47.23
25d01c9e3543c4b4a915f9373fae44c2,SP,5,credit_card,Light-Small,35.0,298,1,42.78
519bdf0c5aa27c8cfff90d4e5d56897b,MG,2,debit_card,Light-Small,49.0,293,1,64.1
2bbaf8a8031400dad00fea8f6f505096,SP,5,credit_card,Light-Small,59.0,45,1,66.67
aa5e567592c7fce76e3937e35c6a4ecb,SP,4,credit_card,Light-Small,89.0,261,1,96.88
a2b4e1b8a7a47286cd4087fc90dea94d,DF,1,credit_card,Light-Small,78.0,89,1,93.43
42916f80ce60d80745efd7c305d35b98,GO,5,credit_card,Light-Small,95.0,124,1,110.55
eab5e0e258310f3454b56e95368ad183,BA,5,boleto,Light-Small,29.0,195,1,45.79
412737810005be70b7bdfb4e4dc69dd2,SP,4,credit_card,Light-Small,55.0,129,2,249.56
412737810005be70b7bdfb4e4dc69dd2,SP,4,credit_card,Light-Small,55.0,129,2,249.56
98eb72cd4d1c9408fa1a695a5e7f195e,MT,5,credit_card,Light-Small,44.0,411,1,59.79
f7917f73a6f8e4419346b35286f28732,SP,4,credit_card,Light-Small,78.0,13,1,85.81
b879b2edd80f3988171c661574f0dd13,SP,3,boleto,Light-Small,49.0,448,1,56.78
94629b2a49ceac2dfe138f01a3bf17aa,SP,4,credit_card,Light-Small,55.0,232,1,62.78
12217655416d9edb5594c7dc6597b85f,SC,5,credit_card,Light-Small,95.0,260,1,110.42
9e80bf15286ac4efa8833654940b0e1f,SP,4,credit_card,Light-Small,85.0,332,1,92.85
8b71a681358f942a3c677d8cb1c7e575,SP,4,boleto,Light-Small,59.0,44,1,72.07
6066d537b297112e9ad8737b8c8a2eb6,SP,4,credit_card,Light-Small,45.0,40,1,53.48
033697e598cacbf5c293f06b632b1a1a,SP,4,credit_card,Light-Small,59.0,160,1,66.39
11f97c4dd8b6d059ed605b615bfaef69,PE,5,credit_card,Light-Small,165.0,113,1,184.84
e05514718390ea5c5de170c243b30fad,SP,1,boleto,Light-Small,55.0,401,2,339.46
e05514718390ea5c5de170c243b30fad,SP,1,boleto,Light-Small,99.0,401,2,339.46
851464b0ef03b23f004c016a8b1f0b65,MG,5,credit_card,Light-Small,49.99,187,1,65.09
ca98d5e54ce09ded249a3bf88adda456,MG,3,boleto,Light-Small,69.0,341,1,83.23
61785716554ceab5dd02f81e6da75309,MG,4,credit_card,Medium-Small,89.0,414,1,103.37
b72b2adcbe29bf290dce6043f04298a8,RJ,5,credit_card,Light-Small,38.0,57,1,53.37
9c966ae5331919d6657daa55149999a9,RJ,4,credit_card,Light-Small,39.0,130,1,57.23
8c40680f250c946c9625740e466af635,SP,5,boleto,Light-Small,78.0,127,1,90.99
0d4f8e1cec254ed9c1fd1b02d26fabf8,RS,5,credit_card,Light-Small,45.0,112,1,63.23
b64d179608bdee7945afe4f46f62c2e1,SP,3,credit_card,Light-Small,29.0,279,1,36.78
f20a6d4cb03a77f8819ab4b0a55a0685,MG,1,credit_card,Light-Small,95.0,12,1,108.33
8000d8c2201ad0577d5f459c6325ccdc,MG,1,credit_card,Light-Small,95.0,33,1,113.77
b16a61e395ede9e74b3669fe52db7125,SP,2,boleto,Light-Small,55.0,349,1,62.78
279a09411f28ae559c302075deafbae5,MA,4,credit_card,Light-Small,29.0,26,1,51.92
ccdcf5a3241fa4143b5e8e92199a5c4a,SP,3,credit_card,Light-Small,45.0,72,1,52.58
454b4ba4ae47ea08a0a94cece37090d9,PR,5,credit_card,Light-Small,29.0,122,1,47.23
00380c010de38d578d02117f6d0b88e7,PR,4,boleto,Light-Small,49.0,182,1,64.1
0bb1934e205755a2bdf69b04687d6673,SP,5,credit_card,Light-Small,69.0,279,1,76.78
92c27dc71558f8edff69ad4068331e72,DF,4,credit_card,Light-Small,55.0,15,1,70.49
a3c2953e0ee33d6881da8b52956198b2,SP,3,credit_card,Light-Small,49.0,30,1,56.6
fe87bf86b81f9298937213e5c23d7707,SP,4,boleto,Light-Small,39.0,119,1,46.39
eb45ccf47b0ad6454b040f1282d15139,DF,4,credit_card,Light-Small,85.0,160,1,100.47
1c95e915c23145ea7853a7a64bd396ca,SP,3,credit_card,Light-Small,199.0,245,1,207.65
0cf6581eab07e09cb466aed8cd26107e,SP,5,credit_card,Light-Small,95.0,34,1,108.33
7f86f92d486bece9cd34a1b02c55fda1,MG,5,credit_card,Light-Small,69.0,400,1,80.98
a76bc2d372186cd87b857191c77f2270,SC,4,credit_card,Light-Small,29.0,330,1,43.1
eddc5297a74164ee82529b15e8357af7,SP,5,voucher,Light-Small,249.0,71,4,517.8000000000001
eddc5297a74164ee82529b15e8357af7,SP,5,voucher,Light-Small,249.0,71,4,517.8000000000001
eddc5297a74164ee82529b15e8357af7,SP,5,credit_card,Light-Small,249.0,71,4,517.8000000000001
eddc5297a74164ee82529b15e8357af7,SP,5,credit_card,Light-Small,249.0,71,4,517.8000000000001
366af15f24aaf77dadd6d90d04792698,PE,1,credit_card,Light-Small,55.0,137,1,74.08
fa4182fa28e02b3aefc1f6c07f26ecc1,PR,5,boleto,Light-Small,49.0,19,1,64.44
0b6b18ebc85a97f659fa13bd9c05be58,RS,4,credit_card,Light-Small,75.0,190,1,90.28
56223f4b27df21a9ecf74bf039091269,SP,1,credit_card,Light-Small,49.0,61,1,62.0
cbbd508281ea66e2f36b4acfc28a85b0,SP,3,credit_card,Light-Small,49.0,224,1,56.78
60f018d77f575b756da78619e783ef22,RS,5,credit_card,Light-Small,29.0,104,1,44.23
92710a995cc113c830f287b62883189c,SP,5,credit_card,Light-Small,29.0,534,1,39.96
38ea6c503846a603b2e1101a398d7687,RJ,1,credit_card,Light-Small,78.0,132,2,287.32
38ea6c503846a603b2e1101a398d7687,RJ,1,credit_card,Light-Small,29.0,132,2,287.32
9afaa5e5c2efd5958a5fa0b04652085e,MG,5,boleto,Light-Small,49.0,400,1,64.1
f064e65677f0641ee4c4d4bfd7b006a3,PB,4,credit_card,Light-Small,78.0,242,1,112.35
f7aa2936b821e2ec5e7c9922f6375e6e,SP,4,credit_card,Light-Small,55.0,156,1,67.83
98a505463599ce446e333940e305e756,ES,5,boleto,Medium-Small,89.0,391,1,103.37
6fb54da47c0032684f348042cf61fd1d,DF,5,boleto,Light-Small,65.0,541,1,80.75
0f27adc68b946466a1670bb2e30a2c7c,SP,1,credit_card,Light-Small,29.0,11,1,36.46
fac81b058d7a8e426b5f62bd1d72c774,DF,1,credit_card,Light-Small,65.0,311,1,79.2
98fccc58a1c599a9894c7d8db5905c65,SP,5,credit_card,Light-Small,59.0,234,1,66.78
12e631e6faa17d9566a8fa96e5cc3e61,SP,4,credit_card,Light-Small,78.0,79,1,85.81
c1f792df39a09f85c4ae6258e171e1dc,MG,1,boleto,Light-Small,39.0,159,1,57.23
8eb15ee1040f1c807ba88990089004ad,SC,2,credit_card,Light-Small,79.0,489,1,93.31
3aaca6ae62be8d951cfcdeaacafbe32f,MT,2,boleto,Light-Small,78.0,453,1,94.99
593b8fb1133c71b53bac24805aa13d06,SP,5,credit_card,Light-Small,56.0,56,1,69.05
03058eb4c0764d7c06ca841cd71ba6f1,SP,2,voucher,Light-Small,49.0,385,1,56.78
a13d2d3b615e7782205484d9c603cbe7,RJ,2,credit_card,Light-Small,77.0,9,1,92.64
cd664768f785ce454323f548ec4efc98,PR,3,credit_card,Light-Small,69.0,218,1,84.23
7213b48aa052d444b1ec51ce800a4ab4,SP,4,voucher,Light-Small,49.0,69,4,113.2
7213b48aa052d444b1ec51ce800a4ab4,SP,4,voucher,Light-Small,49.0,69,4,113.2
7213b48aa052d444b1ec51ce800a4ab4,SP,4,credit_card,Light-Small,49.0,69,4,113.2
7213b48aa052d444b1ec51ce800a4ab4,SP,4,credit_card,Light-Small,49.0,69,4,113.2
e17005589b4ea116d5d37e99073c8f91,SP,5,credit_card,Light-Small,69.0,131,1,76.39
d26e457780ad52f84e0125b43814c02e,SP,4,credit_card,Light-Small,29.0,264,4,73.56
d26e457780ad52f84e0125b43814c02e,SP,4,credit_card,Light-Small,29.0,264,4,73.56
d26e457780ad52f84e0125b43814c02e,SP,4,voucher,Light-Small,29.0,264,4,73.56
d26e457780ad52f84e0125b43814c02e,SP,4,voucher,Light-Small,29.0,264,4,73.56
0e224aa0bd25c213012f4fa5a942fd29,MG,5,boleto,Light-Small,49.0,348,1,64.1
cbb95f8f386e54a6f4f41134f77bc78a,SP,5,credit_card,Light-Small,49.99,295,1,57.77
fd8c144dea02b4cad9e6e94e1455bdc6,SC,5,credit_card,Light-Small,29.0,293,1,44.1
1e26d5d9c7f4fea38f023d1cd7e7f0ee,SP,1,credit_card,Light-Small,129.0,356,1,137.16
930b16e4f16b2e13a346bd2c232ef0c6,SP,4,boleto,Light-Small,29.0,278,1,36.78
308800cb1d6dd4e3d0a89f43d8fa44c7,MA,5,credit_card,Light-Small,49.0,127,2,345.48
308800cb1d6dd4e3d0a89f43d8fa44c7,MA,5,credit_card,Light-Small,49.0,127,2,345.48
38e5ed132f3e8ecb5fe019cf7d89b720,SP,5,credit_card,Light-Small,29.0,264,1,36.78
8f40d3fd9dc45300aa2922aa65d9570f,SP,1,credit_card,Light-Small,39.0,415,2,179.12
8f40d3fd9dc45300aa2922aa65d9570f,SP,1,credit_card,Light-Small,35.0,415,2,179.12
fff3a5c6d542d52b05f7e4518adf996e,MS,5,credit_card,Light-Small,69.0,192,9,249.69000000000003
fff3a5c6d542d52b05f7e4518adf996e,MS,5,credit_card,Light-Small,69.0,192,9,249.69000000000003
fff3a5c6d542d52b05f7e4518adf996e,MS,5,credit_card,Light-Small,69.0,192,9,249.69000000000003
fff3a5c6d542d52b05f7e4518adf996e,MS,5,voucher,Light-Small,69.0,192,9,249.69000000000003
fff3a5c6d542d52b05f7e4518adf996e,MS,5,voucher,Light-Small,69.0,192,9,249.69000000000003
fff3a5c6d542d52b05f7e4518adf996e,MS,5,voucher,Light-Small,69.0,192,9,249.69000000000003
fff3a5c6d542d52b05f7e4518adf996e,MS,5,voucher,Light-Small,69.0,192,9,249.69000000000003
fff3a5c6d542d52b05f7e4518adf996e,MS,5,voucher,Light-Small,69.0,192,9,249.69000000000003
fff3a5c6d542d52b05f7e4518adf996e,MS,5,voucher,Light-Small,69.0,192,9,249.69000000000003
b087e49d446463775fdd80d76a97832a,RJ,1,credit_card,Light-Small,29.0,90,1,44.23
0613b148440366189657a47f27dd5c5f,PR,3,boleto,Light-Small,49.0,352,1,133.13
a477a78d1d66bf544b48734476a03516,SP,5,credit_card,Light-Small,29.0,257,1,36.78
812ae5f51087e46a1c491e95d3baf5e6,SP,5,credit_card,Light-Small,45.0,62,1,52.58
3a016e989132441719e7daa7970643ba,RJ,4,credit_card,Light-Small,55.0,130,1,70.27
c5c7643873cf761b588d741cfce6c331,MA,5,credit_card,Light-Small,78.0,238,1,112.35
8a93b11e28f4ac2bc7829a9a1cdcb4cf,SP,4,boleto,Light-Small,55.0,55,1,62.65
ae12a474c8de7dd68097a884fa9049b4,SP,1,boleto,Light-Small,49.0,31,1,56.6
1a108ff7d680891dcbcb0558fb6caaaa,RJ,5,boleto,Light-Small,39.0,71,2,197.34
1a108ff7d680891dcbcb0558fb6caaaa,RJ,5,boleto,Light-Small,29.0,71,2,197.34
bbf8bf3664ee1a661f3d440418622273,PE,2,credit_card,Light-Small,59.0,274,4,153.38
bbf8bf3664ee1a661f3d440418622273,PE,2,credit_card,Light-Small,59.0,274,4,153.38
bbf8bf3664ee1a661f3d440418622273,PE,2,voucher,Light-Small,59.0,274,4,153.38
bbf8bf3664ee1a661f3d440418622273,PE,2,voucher,Light-Small,59.0,274,4,153.38
1ca068671d3f087b2981eaf452ff0bb9,MG,5,boleto,Light-Small,78.0,56,1,96.65
44d63d6f7f4bb07074143c02809dbe89,RJ,5,boleto,Light-Small,44.0,223,1,58.1
175bdeec28f72792b7df9bc8b8481bcb,SP,3,credit_card,Light-Small,49.99,215,1,61.84
9cd1d59f23418d24cebc58fef136e7ed,PB,5,credit_card,Light-Small,55.0,80,1,105.89
b7bb72eef0f506931af2562d157987b9,SP,5,credit_card,Light-Small,55.0,351,1,66.89
a8d980404042b0e0e8c75c965f61d036,PR,4,credit_card,Light-Medium,45.0,286,1,59.1
b2263ddeddff35139801cdead615b9b4,SP,5,credit_card,Light-Small,49.99,233,1,57.77
d1e06f851aade9e435acec5bc8635b30,PE,3,credit_card,Light-Small,78.0,381,1,103.83
15561f599ec6addd60f2456ae5c5dc14,MG,5,credit_card,Light-Small,89.0,457,1,103.37
3d8e9316108187a2260a005f1f99cd13,SP,5,credit_card,Medium-Small,89.0,543,1,97.99
01d444480a8e7ed180b6c5cb5993a273,SP,4,credit_card,Light-Small,29.0,296,1,36.78
f5003c157ffa6c1e541146ddcdade179,RJ,2,boleto,Light-Small,29.0,367,1,43.1
51296a16038830c3706b54fcd4af0e86,SP,5,credit_card,Light-Small,69.0,253,1,76.78
91739a15398e9d413c09e118fa63cd00,SP,5,credit_card,Light-Small,49.0,38,1,56.6
86a8d29472c668e0c99cfa94a7142ffe,PI,5,credit_card,Light-Small,249.0,125,1,273.24
6e2fa0e671b3cac0d560309dd68d43fd,ES,4,credit_card,Light-Small,49.0,122,1,64.23
891b9b2c4097f5127a0d07350a8bcca5,SP,5,credit_card,Light-Small,59.0,347,1,66.78
ad814d93306d7e3687738d4cee8d612a,RS,4,credit_card,Light-Small,145.0,320,1,160.76
a047fd04d7b42d53c6f321e077c6a037,CE,4,credit_card,Light-Small,59.0,85,1,78.1
d0a96174092cc6ef4f7671d3bc8c6bf4,RN,4,credit_card,Light-Small,65.0,456,1,86.25
c1b08ec078e0bd97c1a015357de32a7e,SP,5,credit_card,Light-Small,21.0,290,1,32.85
62675f64045ec165cbef2991e72e6246,MG,5,boleto,Light-Small,49.0,358,1,64.1
b759f7250ae814965050f028d53d1aca,SC,4,voucher,Light-Small,78.0,229,1,93.3
37ade1977ac8f2bcc9d8b42cce744db6,SP,5,voucher,Light-Small,39.0,500,1,49.96
f33d4d061db4611b150bf687e01c9371,ES,1,credit_card,Light-Small,39.0,395,1,54.1
bf9b405380881bef94f5909857a47eb0,PI,4,voucher,Light-Small,29.0,387,4,100.3
bf9b405380881bef94f5909857a47eb0,PI,4,voucher,Light-Small,29.0,387,4,100.3
bf9b405380881bef94f5909857a47eb0,PI,4,credit_card,Light-Small,29.0,387,4,100.3
bf9b405380881bef94f5909857a47eb0,PI,4,credit_card,Light-Small,29.0,387,4,100.3
26f548cf7e36c8ff56020cc845f5df8c,RJ,5,credit_card,Light-Small,29.0,511,1,43.52
26ab7fc41bcc634a71bf252e0f2e2009,PR,3,credit_card,Light-Small,39.0,278,2,212.4
26ab7fc41bcc634a71bf252e0f2e2009,PR,3,credit_card,Light-Small,39.0,278,2,212.4
1f31077338023a5f942a3cfbde373d48,CE,3,credit_card,Light-Small,149.0,362,1,167.32
d27c4b391a768fbd66b80ffaa2ea4306,MG,5,credit_card,Light-Small,55.0,79,1,73.49
6778b46615b8624dc299c563ca6811a4,ES,4,boleto,Light-Small,59.0,523,1,75.11
c58b1ad8b8cdbaecaea2e6c45385cdf2,SC,5,boleto,Light-Small,39.0,51,1,54.37
8c4d8a373eea6f357c47d8ce57a82b43,RJ,1,credit_card,Light-Medium,145.0,229,1,159.76
ae8269d850cd3a3d06a56877c450b3f8,MG,5,credit_card,Light-Small,29.0,280,1,44.1
e6f7c5c97768755c5535d2a3f6add8d0,MT,3,credit_card,Light-Small,78.0,139,1,95.26
136880fade3bb7ad3d803f7a7a7506c5,MG,4,credit_card,Light-Small,149.0,431,1,163.79
3e15b2d3a5fac27b51a5d2dbd01d18ec,PR,5,boleto,Light-Small,55.0,15,1,70.49
b12c5e5e31a5b8f0035560c564330dce,SP,5,credit_card,Light-Small,35.0,19,1,42.51
ae3ce308f85e15bf567f0c3f7ed0c1cb,SP,1,credit_card,Light-Small,49.0,308,1,140.91
5f9642eb58e82c00f37d9a8dc5d8a364,SP,1,credit_card,Light-Small,29.0,104,1,36.39
07ea600bb145c172bb93190abb2081b9,SP,4,credit_card,Light-Small,29.0,297,1,36.78
84001fc9a30443cd5623d8b8ce0b0df1,CE,3,credit_card,Light-Small,39.0,194,1,56.63
107a43f9c1860b4116fbf0519f888c3c,PA,5,voucher,Light-Small,29.0,298,1,54.63
8852f0c816da33fcb67540bb825df1f8,SP,1,boleto,Light-Small,49.0,316,1,56.78
eeb36d1d96fa3dbeb4643467f94fd6f0,SP,5,credit_card,Light-Small,29.0,113,3,417.51
eeb36d1d96fa3dbeb4643467f94fd6f0,SP,5,credit_card,Light-Small,59.0,113,3,417.51
eeb36d1d96fa3dbeb4643467f94fd6f0,SP,5,credit_card,Light-Small,29.0,113,3,417.51
34cf47dae2707f7f1a07a7ecb3b86faa,SP,5,credit_card,Light-Small,69.0,9,1,76.74
c4a6070421fb7c3223103d2c145b3099,RJ,3,boleto,Light-Small,78.0,56,1,96.65
d1c3bfe0821606dd96e0af5cf6fb258e,SP,5,debit_card,Light-Small,95.0,85,1,102.53
d387f932b91dbe6ac83a90dec1147081,RJ,5,credit_card,Light-Small,29.0,335,1,43.1
82d90cc533f921fd3b90ff87d197eeed,MG,5,credit_card,Light-Small,78.0,77,1,96.65
de30bd949849b73af18418c2a5d4599c,MG,1,credit_card,Light-Small,78.0,90,1,96.43
12ef340be64f76b4fbee7ea1209c6e9d,MT,5,boleto,Light-Small,78.0,77,1,100.48
ac394e6868ddee8083cb8f8eafa69f19,GO,4,credit_card,Light-Small,29.0,343,1,43.1
b6af5bbd4465cddb6f8d3825a4d323e5,SP,5,voucher,Light-Small,29.0,343,1,36.78
684741e5c388d9fe3d7ea5c8c1b48182,SP,2,credit_card,Light-Small,49.0,120,1,56.39
95a8eab7b28631dbf0fc405e678a726d,SP,5,credit_card,Light-Small,69.0,140,1,76.39
5ae59ee4b9425f6b9f70964f7b7b662b,SP,4,credit_card,Light-Small,44.0,28,1,51.57
48edbf62de4055e80823a90e7b65d7d3,SC,4,credit_card,Light-Small,65.0,176,1,83.33
903dc81a0fdd7c15c763416420efdda7,RN,5,credit_card,Light-Small,119.0,107,1,142.33
945de19aa8e05f7328c1de8f7a7a048b,RS,1,boleto,Light-Small,45.0,257,1,60.1
700df138d5181cae3232ad045b53b8a2,SP,5,credit_card,Light-Small,49.0,12,1,56.6
41271485815b01707d141062315f16a8,PB,1,credit_card,Light-Small,49.0,261,1,83.15
9404b12eafdc0f385da9b66d39a828ae,RN,2,credit_card,Light-Small,199.0,356,1,221.19
887b174b639244a9b4a1fd79ce593eac,SP,3,boleto,Light-Small,55.0,70,1,62.65
f9cad966a31db0ddfba78dfc680b1abb,SP,3,credit_card,Light-Small,39.0,293,1,46.78
f4148260a4a09bd6d25af93188d106d7,SP,1,boleto,Light-Small,49.0,456,1,56.78
944d4db30a78d0a21034f284bd2f4a85,RJ,1,credit_card,Light-Small,249.0,25,1,265.84
ead486b9b0298af5652eef24ee57fb24,SP,4,credit_card,Light-Small,149.0,6,1,157.3
5fd33934ba472fec76798db3d0856e15,PA,5,boleto,Light-Small,29.0,378,2,186.52
5fd33934ba472fec76798db3d0856e15,PA,5,boleto,Light-Small,29.0,378,2,186.52
f196d37d8e1f7f90f133e063d58fd132,SP,4,credit_card,Light-Small,39.0,322,2,219.12
f196d37d8e1f7f90f133e063d58fd132,SP,4,credit_card,Light-Small,55.0,322,2,219.12
1b2fccd64ead0637991ff28c1971d9a7,RJ,2,boleto,Light-Small,29.0,360,1,131.07
9969ad5edcaec4c09cd4e4021d5feed9,PE,5,credit_card,Light-Small,55.0,14,1,74.3
7f0b0af2dbdab9d01ccd55d267db69f7,PR,5,voucher,Light-Small,45.0,20,1,63.42
17b723f5c85b44a1dcf96dca43d3eb89,RJ,5,credit_card,Light-Small,49.0,527,1,63.52
4db1426b23b363549387cc6273fdaf9e,SP,4,boleto,Light-Small,49.0,351,1,60.85
63f8ee2920f8fc95277d251b1f0783a1,SP,5,credit_card,Light-Small,35.0,255,1,42.78
1392fdcad98720de6dcb4296794f204b,BA,3,boleto,Light-Small,44.0,401,1,59.79
8ec6a6d3c942b63b8922870ec474e0e7,BA,5,credit_card,Light-Small,59.0,350,1,75.85
6aa38fdee597dd9814ab987b44cbda55,SP,5,credit_card,Light-Small,49.0,219,1,56.78
0f75cbfb0c5e796f04aadbcfad534f41,BA,2,boleto,Light-Medium,145.0,478,1,162.45
d29d92e86e87e8732c9558570df752ca,SP,5,debit_card,Light-Small,58.0,50,3,554.76
d29d92e86e87e8732c9558570df752ca,SP,5,debit_card,Light-Small,49.0,50,3,554.76
d29d92e86e87e8732c9558570df752ca,SP,5,debit_card,Light-Small,55.0,50,3,554.76
6edfc5bd75a056281193727926d99a0a,SP,5,credit_card,Light-Small,95.0,272,1,102.92
e1fabfdec84ec2b60621a1dca9c4ecc0,RJ,1,credit_card,Light-Small,49.0,239,1,63.1
0b4bb47ad7433a75c47837b319077675,MG,5,boleto,Light-Small,45.0,297,1,60.1
b8733d346bac6859519abd26e409fd6a,ES,5,credit_card,Medium-Small,89.0,316,1,104.37
3a294058a2a6f63b24d6c77dcd1573b9,SP,1,boleto,Light-Small,78.0,376,1,90.05
f83ce896b3dc52b9fa77aa1110cd90d6,SP,4,credit_card,Light-Small,49.0,263,1,56.78
205fcc6c48de256d3956dfba9fc6c0de,CE,5,credit_card,Light-Small,78.0,28,1,97.46
7aadf2d7394cd9b911f7b1fbc9d85bd9,SP,5,credit_card,Light-Small,49.0,300,1,60.85
fe86c2c022a8d1665da64dabf0ceeaea,RS,5,credit_card,Light-Small,59.0,35,1,232.35
d1c625e57026a199bca1ed772f6fb89e,SP,5,credit_card,Light-Small,49.0,261,1,56.78
27b08a44041d90a2f35e381a9db0d379,RS,5,boleto,Light-Small,49.0,118,1,59.66
ad2910357a425b444b90821bb85efbef,SP,5,boleto,Light-Small,49.0,411,1,56.78
9ad2ff61802821ec369d655bc8482e00,DF,5,credit_card,Light-Small,29.0,177,1,43.1
4817f07387a8f00e2be43bf9ea007e4b,RJ,5,credit_card,Light-Small,79.0,112,2,289.32
4817f07387a8f00e2be43bf9ea007e4b,RJ,5,credit_card,Light-Small,35.0,112,2,289.32
e84638449e86bc37c2f4cabcafa62155,MG,4,credit_card,Light-Small,95.0,64,1,113.77
b1a61930f7a035bc34f86f22eebed4ae,SP,1,credit_card,Light-Small,49.0,106,1,173.29
466f25f318b9280d1422a5c4e9a491bf,ES,5,boleto,Light-Small,78.0,127,1,93.43
e58603565b5afac05cc24ce572635932,PE,3,credit_card,Light-Small,59.0,44,1,96.32
2b2cdde08e3dfef7b01d635917ec54a1,BA,5,boleto,Light-Small,78.0,77,1,100.48
2776f550a963e61e066dd72affabfaa7,SP,5,boleto,Light-Small,78.0,25,1,85.81
3452e28259248bd268d8ac13c8446779,GO,4,boleto,Light-Small,49.0,85,1,67.23
e7795d0a33fb65d80382839be92b9027,SP,5,credit_card,Light-Small,49.0,241,1,56.78
0f87c14e91f558b71fcf73e6918f311f,SP,4,credit_card,Light-Small,29.0,185,1,36.78
934d346c8021dc772abbd027a41a7832,BA,4,credit_card,Light-Small,49.0,440,1,65.79
bcae9ddbea097677bef7b6857d0afb1a,RJ,4,boleto,Light-Small,29.0,223,1,43.1
940c14f5ac010931aa658e14bb9c6cbb,SP,5,credit_card,Light-Small,29.0,73,1,36.46
f40ba7b6847d3d12bba8467f8e6813fd,ES,5,credit_card,Light-Small,199.0,399,1,214.14
498e9119de4db24f0d6414bcf6cac414,SP,5,credit_card,Light-Small,49.0,447,1,56.78
5e6e0e06c988f485293a7341c8e21871,SP,5,credit_card,Light-Small,56.0,311,1,63.78
1613194aae75f127dd52a37566c138ca,SP,5,credit_card,Light-Small,59.0,1,1,66.67
5bb39c890c91b1d26801aa19a9336eac,SP,4,boleto,Light-Small,93.0,3,2,403.64
5bb39c890c91b1d26801aa19a9336eac,SP,4,boleto,Light-Small,93.0,3,2,403.64
a106222f6ec61562ea253a4551b8cbb7,MG,5,credit_card,Light-Small,55.0,50,1,73.49
780ec436564cb778756e937440177788,RJ,5,credit_card,Light-Small,95.0,226,1,109.42
a78b75a2ad06180de06b82857ca442b3,RN,5,credit_card,Light-Small,43.0,9,1,66.02
a9934e1ebc947bc31e0fef7714b93c66,SP,1,credit_card,Light-Small,29.0,304,1,36.78
3cbaff1f3ace2b01fcd056100953ff6f,SP,4,boleto,Light-Small,35.0,509,1,43.72
2947d4dbc02c7525870063dffc24b79d,BA,2,credit_card,Light-Small,59.0,64,1,81.34
c348c931c27b95c6f37d635ddcd65a84,RJ,5,boleto,Light-Small,39.0,463,2,106.2
c348c931c27b95c6f37d635ddcd65a84,RJ,5,boleto,Light-Small,39.0,463,2,106.2
00f5116a953fdf1b86dd0deb055c0e12,RJ,5,credit_card,Light-Small,55.0,359,1,69.14
4681539a612e9e1310dfb5d11e6220dc,BA,5,voucher,Light-Small,39.0,13,9,168.6
4681539a612e9e1310dfb5d11e6220dc,BA,5,voucher,Light-Small,39.0,13,9,168.6
4681539a612e9e1310dfb5d11e6220dc,BA,5,voucher,Light-Small,39.0,13,9,168.6
4681539a612e9e1310dfb5d11e6220dc,BA,5,voucher,Light-Small,39.0,13,9,168.6
4681539a612e9e1310dfb5d11e6220dc,BA,5,voucher,Light-Small,39.0,13,9,168.6
4681539a612e9e1310dfb5d11e6220dc,BA,5,voucher,Light-Small,39.0,13,9,168.6
4681539a612e9e1310dfb5d11e6220dc,BA,5,voucher,Light-Small,39.0,13,9,168.6
4681539a612e9e1310dfb5d11e6220dc,BA,5,voucher,Light-Small,39.0,13,9,168.6
4681539a612e9e1310dfb5d11e6220dc,BA,5,voucher,Light-Small,39.0,13,9,168.6
b1f1678b3d52d09769d35a9a3c1b200d,CE,4,boleto,Medium-Small,89.0,316,1,106.9
8a2d6290feaba2aea18c2b8a5a60cc32,SP,1,credit_card,Light-Small,249.0,4,1,258.9
26f71935b39470865072892a7a035b7e,RJ,5,credit_card,Light-Small,75.0,230,1,89.28
2ee6a7340934c1c8c08bd9ec1187e919,SP,3,credit_card,Light-Small,49.0,265,1,56.78
2bf76a48c3be55124221fd0657705a5d,MA,4,boleto,Light-Small,55.0,283,1,76.19
0a74d155c76b730bcb9815de31c8d668,SP,2,credit_card,Light-Small,49.0,343,1,56.78
448b1a16f67650b746c0c8e0dcfbea36,SP,5,credit_card,Light-Small,49.0,199,1,60.85
1084533b0217e620e4b6e79b90e7a077,BA,3,voucher,Light-Small,39.0,218,25,273.95
1084533b0217e620e4b6e79b90e7a077,BA,3,voucher,Light-Small,39.0,218,25,273.95
1084533b0217e620e4b6e79b90e7a077,BA,3,voucher,Light-Small,39.0,218,25,273.95
1084533b0217e620e4b6e79b90e7a077,BA,3,voucher,Light-Small,39.0,218,25,273.95
1084533b0217e620e4b6e79b90e7a077,BA,3,voucher,Light-Small,39.0,218,25,273.95
1084533b0217e620e4b6e79b90e7a077,BA,3,voucher,Light-Small,39.0,218,25,273.95
1084533b0217e620e4b6e79b90e7a077,BA,3,voucher,Light-Small,39.0,218,25,273.95
1084533b0217e620e4b6e79b90e7a077,BA,3,voucher,Light-Small,39.0,218,25,273.95
1084533b0217e620e4b6e79b90e7a077,BA,3,voucher,Light-Small,39.0,218,25,273.95
1084533b0217e620e4b6e79b90e7a077,BA,3,voucher,Light-Small,39.0,218,25,273.95
1084533b0217e620e4b6e79b90e7a077,BA,3,voucher,Light-Small,39.0,218,25,273.95
1084533b0217e620e4b6e79b90e7a077,BA,3,voucher,Light-Small,39.0,218,25,273.95
1084533b0217e620e4b6e79b90e7a077,BA,3,voucher,Light-Small,39.0,218,25,273.95
1084533b0217e620e4b6e79b90e7a077,BA,3,voucher,Light-Small,39.0,218,25,273.95
1084533b0217e620e4b6e79b90e7a077,BA,3,voucher,Light-Small,39.0,218,25,273.95
1084533b0217e620e4b6e79b90e7a077,BA,3,voucher,Light-Small,39.0,218,25,273.95
1084533b0217e620e4b6e79b90e7a077,BA,3,voucher,Light-Small,39.0,218,25,273.95
1084533b0217e620e4b6e79b90e7a077,BA,3,voucher,Light-Small,39.0,218,25,273.95
1084533b0217e620e4b6e79b90e7a077,BA,3,voucher,Light-Small,39.0,218,25,273.95
1084533b0217e620e4b6e79b90e7a077,BA,3,voucher,Light-Small,39.0,218,25,273.95
1084533b0217e620e4b6e79b90e7a077,BA,3,voucher,Light-Small,39.0,218,25,273.95
1084533b0217e620e4b6e79b90e7a077,BA,3,voucher,Light-Small,39.0,218,25,273.95
1084533b0217e620e4b6e79b90e7a077,BA,3,voucher,Light-Small,39.0,218,25,273.95
1084533b0217e620e4b6e79b90e7a077,BA,3,voucher,Light-Small,39.0,218,25,273.95
1084533b0217e620e4b6e79b90e7a077,BA,3,voucher,Light-Small,39.0,218,25,273.95
42256b3d3c167cddadd57ddbf9339f7d,SP,5,voucher,Light-Small,55.0,459,1,62.78
3cb04edbb4e95e152836f25c3db1fb4a,PI,5,credit_card,Light-Small,56.0,13,1,79.11
c2c6de553b9ae7dc0ca347bbabfa376b,BA,5,boleto,Light-Small,49.0,247,1,65.79
84bb5bd833c86c94c1d9b7e1e6f0f6cb,SP,5,credit_card,Light-Small,95.0,69,1,102.93
9b7fd789af1301927ba3380e1efd0225,MG,4,boleto,Light-Small,79.0,537,2,374.88
9b7fd789af1301927ba3380e1efd0225,MG,4,boleto,Light-Small,79.0,537,2,374.88
7a8cd6b234a923bf3984d793b0b64154,PA,1,credit_card,Light-Small,49.0,157,4,172.07999999999998
7a8cd6b234a923bf3984d793b0b64154,PA,1,credit_card,Light-Small,49.0,157,4,172.07999999999998
7a8cd6b234a923bf3984d793b0b64154,PA,1,credit_card,Light-Small,49.0,157,4,172.07999999999998
7a8cd6b234a923bf3984d793b0b64154,PA,1,credit_card,Light-Small,49.0,157,4,172.07999999999998
0157cb863b4453c43468f3825dccdf9d,RS,5,credit_card,Light-Small,65.0,427,1,79.2
9135d15b2375bb7ae359911c404bf841,SP,5,credit_card,Light-Small,85.0,68,1,92.86
c3b46a2c4b10a6d46275d9902d91ff2d,DF,5,credit_card,Light-Small,129.0,266,2,574.6
c3b46a2c4b10a6d46275d9902d91ff2d,DF,5,credit_card,Light-Small,129.0,266,2,574.6
11888d3334232a1eb08db5826129c8df,BA,5,credit_card,Light-Small,145.0,23,1,167.95
787e333c11dbf966e21171853d71ff36,SP,4,boleto,Light-Small,39.0,276,1,46.78
be3e55a849a12f3c2480f01cc50cdcb5,PE,4,credit_card,Light-Small,55.0,220,1,72.67
badd985462c8b012533248eef2b4bd86,CE,5,credit_card,Light-Small,55.0,51,1,92.3
335e8d4375004a6065aa3c1d2190995d,SP,5,boleto,Light-Small,55.0,342,1,62.78
3bb6fe6b4eb747875fd4976d6b37e8cc,SP,5,boleto,Light-Small,78.0,222,1,85.8
6a8e065530245694f01cc0f62044b134,SP,5,boleto,Light-Small,29.0,362,1,36.78
4b2a0b2b3353645e4ce664ee28ad51d0,RJ,1,credit_card,Light-Small,45.0,70,1,60.42
f3223fd3b2517fa73ebb06dd5f1b0e99,RS,4,boleto,Light-Small,29.0,352,1,44.1
5a68300abb6a13d47c405b415e3c0971,SP,4,credit_card,Light-Small,69.0,37,1,76.74
4f1e6c4e24277aeb870b2314b86224d9,SP,5,credit_card,Light-Small,55.0,217,1,62.78
0b3295ce662be865aa56d5c7f78601ef,DF,5,voucher,Light-Small,69.0,363,4,166.45999999999998
0b3295ce662be865aa56d5c7f78601ef,DF,5,voucher,Light-Small,69.0,363,4,166.45999999999998
0b3295ce662be865aa56d5c7f78601ef,DF,5,credit_card,Light-Small,69.0,363,4,166.45999999999998
0b3295ce662be865aa56d5c7f78601ef,DF,5,credit_card,Light-Small,69.0,363,4,166.45999999999998
b88899ad705e9d9e1874c2f507e17477,RJ,1,boleto,Light-Small,29.0,174,1,44.23
eda568e61068a95e0c5d8f13b52e190d,MT,5,credit_card,Light-Small,35.0,410,1,50.79
e123e4ba94ecaa31147de27b7823547a,ES,4,credit_card,Light-Small,69.0,19,1,87.58
f05d35ea25fb09c61b7068ef73038e81,SP,4,credit_card,Light-Small,55.0,26,1,62.65
1966bcc7091bfb3c656d15de1f2fec01,BA,1,credit_card,Light-Small,49.0,25,8,610.72
1966bcc7091bfb3c656d15de1f2fec01,BA,1,credit_card,Light-Small,49.0,25,8,610.72
1966bcc7091bfb3c656d15de1f2fec01,BA,1,credit_card,Light-Small,69.0,25,8,610.72
1966bcc7091bfb3c656d15de1f2fec01,BA,1,credit_card,Light-Small,69.0,25,8,610.72
1966bcc7091bfb3c656d15de1f2fec01,BA,1,credit_card,Light-Small,49.0,25,8,610.72
1966bcc7091bfb3c656d15de1f2fec01,BA,1,credit_card,Light-Small,49.0,25,8,610.72
1966bcc7091bfb3c656d15de1f2fec01,BA,1,credit_card,Light-Small,69.0,25,8,610.72
1966bcc7091bfb3c656d15de1f2fec01,BA,1,credit_card,Light-Small,69.0,25,8,610.72
0dd0ff681614cf678c6b69ceb6821c27,SP,5,boleto,Light-Small,29.0,335,1,36.78
e05edff63cfb055873bb81627f6419af,MT,5,credit_card,Light-Small,45.0,300,1,61.79
58993c1b0cf20b93cd56ce5ca278381e,SP,3,credit_card,Light-Small,29.0,40,1,36.46
d5551343ca45deaabf15841e8ea574ed,SP,5,debit_card,Light-Small,78.0,13,1,85.81
91eaf667c6a3a4a40a147e8ac21f1877,PE,1,credit_card,Light-Small,55.0,27,2,285.08
91eaf667c6a3a4a40a147e8ac21f1877,PE,1,credit_card,Light-Small,49.0,27,2,285.08
6c2a5ea4fbd1854c3827a5e3b8eaf8cd,PR,5,credit_card,Light-Small,49.0,74,1,67.44
3d7697c0971cb2606444adae322d8bb3,SC,5,credit_card,Light-Small,29.0,278,1,44.1
b83ddd8a3dc792e59a8dc90d05f6840b,SP,5,credit_card,Light-Small,78.0,71,1,85.81
5231b1faaf0bc107b97fb0c764f2ed76,PR,5,credit_card,Light-Small,49.0,13,1,67.44
7f47f37aa5317f1a00d397962a0dc7b7,PR,4,credit_card,Light-Small,78.0,84,1,96.43
b44ce4765f35926ee5c241c264ad05ab,RJ,5,boleto,Light-Small,29.0,420,2,172.4
b44ce4765f35926ee5c241c264ad05ab,RJ,5,boleto,Light-Small,29.0,420,2,172.4
dd0f18b4fe0b74763df877469e7569f2,MG,5,voucher,Light-Small,49.0,452,4,128.2
dd0f18b4fe0b74763df877469e7569f2,MG,5,voucher,Light-Small,49.0,452,4,128.2
dd0f18b4fe0b74763df877469e7569f2,MG,5,credit_card,Light-Small,49.0,452,4,128.2
dd0f18b4fe0b74763df877469e7569f2,MG,5,credit_card,Light-Small,49.0,452,4,128.2
8f56c275bc7f5d95b20b4e961602ab39,SP,5,credit_card,Light-Small,49.0,316,1,56.78
bc6003b439787a2de9ae42da13cd4e00,PR,5,credit_card,Light-Small,95.0,127,1,113.55
7cf4a335251640a443891c9e2b332ff4,PB,2,boleto,Light-Small,79.0,513,1,103.55
8b70e14114ad1b6f5050481b48c24a24,SP,5,credit_card,Light-Small,49.0,262,1,56.78
b902824d87ab9a5958c6a4462518dcf6,SP,2,credit_card,Light-Small,49.0,214,1,56.78
7d9edced80af5c9503cbf88a9e5f2a3e,SP,1,credit_card,Light-Small,49.0,330,1,56.78
dd46ad4fa9185c967cd7b2a1223ab180,SP,4,boleto,Light-Small,49.0,514,1,59.96
68ed208f14989bf87c423b4c343db98f,SP,5,credit_card,Light-Small,49.0,31,1,57.5
816c892100403472a6c27c4256729d4b,SP,5,credit_card,Light-Small,69.0,365,2,247.12
816c892100403472a6c27c4256729d4b,SP,5,credit_card,Light-Small,39.0,365,2,247.12
b0bbb9250aed344a101ebb4afb3d0c10,SP,4,credit_card,Light-Small,45.0,37,1,52.58
397763187b4a29697d71cacaecef05d8,PR,3,boleto,Light-Small,69.0,324,2,296.64
397763187b4a29697d71cacaecef05d8,PR,3,boleto,Light-Small,49.0,324,2,296.64
cadc77a311d2175d497619dc76de4600,SP,5,credit_card,Light-Small,55.0,209,2,251.12
cadc77a311d2175d497619dc76de4600,SP,5,credit_card,Light-Small,55.0,209,2,251.12
7106ec9a475922e353e618396d53cf4e,BA,3,credit_card,Light-Small,149.0,378,1,166.48
1f286139afe2eb2040a68fee6e253eda,SP,4,credit_card,Light-Small,29.0,350,1,36.78
8af31be19cce9c206cf14041082401d9,PA,5,credit_card,Light-Small,55.0,520,1,79.39
6891f408eff19028a930876c13bdbc05,SP,5,credit_card,Light-Small,69.0,33,2,266.66
6891f408eff19028a930876c13bdbc05,SP,5,credit_card,Light-Small,49.0,33,2,266.66
3a3e3b216aad1589b4c7b5a8edd75c4c,RJ,4,credit_card,Light-Small,78.0,37,1,93.65
e6951e1d1f246d3bcd1f319c01eaecf8,RS,5,credit_card,Light-Small,78.0,61,1,96.65
dba5c5d9224fbc1791410059bcd839c6,RS,1,credit_card,Light-Small,55.0,140,1,73.27
6af446fb42dc07b3b2acd42c6a135c9e,BA,5,boleto,Light-Small,29.0,287,1,45.79
23543bec99fb61d6e26e3c4b0e76943e,SP,3,credit_card,Light-Small,49.0,254,4,113.56
23543bec99fb61d6e26e3c4b0e76943e,SP,3,credit_card,Light-Small,49.0,254,4,113.56
23543bec99fb61d6e26e3c4b0e76943e,SP,3,credit_card,Light-Small,49.0,254,4,113.56
23543bec99fb61d6e26e3c4b0e76943e,SP,3,credit_card,Light-Small,49.0,254,4,113.56
649fd102478f2df9972510dfa46c40c2,GO,4,credit_card,Light-Small,49.0,525,1,66.78
0ced2413547b35b60c68c5fae76e5b8f,RJ,3,credit_card,Light-Small,29.0,248,1,43.1
96af3e260a7136cb9913991dddd326aa,SP,5,credit_card,Light-Small,45.0,489,1,55.96
774c6d56e5d71c722ed8f798785e5e75,MA,2,credit_card,Light-Small,49.0,350,1,70.15
ac4adaa56772c24c8307ca0bc82e8779,MG,3,boleto,Light-Small,49.0,524,1,63.11
0dc4d1b841d3c1a1f076fef9a39c210b,SP,1,boleto,Medium-Small,89.0,530,1,97.99
e05f1f9cf952a4dd066aa550089b89dd,BA,1,credit_card,Light-Small,29.0,342,2,179.16
e05f1f9cf952a4dd066aa550089b89dd,BA,1,credit_card,Light-Small,29.0,342,2,179.16
06e0c362c4a5cc74bff4e7a82362ff52,MG,1,credit_card,Light-Small,79.0,374,2,288.8
06e0c362c4a5cc74bff4e7a82362ff52,MG,1,credit_card,Light-Small,35.0,374,2,288.8
210b3c675c1a56fc590127a4d9cc4cd5,MG,5,boleto,Light-Small,49.0,290,1,64.1
95b9648090ca88e5421404bee7869211,BA,1,credit_card,Light-Small,55.0,285,1,71.83
9ed6e75482bada0a5921948f38a7f1ee,SP,5,boleto,Light-Small,29.0,42,1,41.86
3a25d5fa6ed987c3db36dfd46d303e0f,SP,4,credit_card,Light-Small,48.0,10,1,55.6
7cf817dc137efeda5ed617066b719d73,SP,5,boleto,Light-Medium,145.0,301,1,153.27
4d91c1526ac35f179973f1abba999ddd,GO,5,credit_card,Light-Small,78.0,37,1,93.65
69f17a4b73fc71cfe47dca090919130f,SP,5,boleto,Light-Small,89.0,351,1,96.88
a80b53f8e764ce78e5e408606289d632,SP,3,credit_card,Light-Small,29.0,295,1,36.78
57afd7dfb4e09c3321ba9be9f59d5102,RJ,5,credit_card,Light-Small,69.0,32,1,84.58
f6a9bfc46722d91dc2306b08a0b8e11a,RS,1,credit_card,Medium-Small,89.0,159,1,258.85
13ebf1b1ebcb8ec336d5ca82619ee10f,PE,1,credit_card,Light-Small,55.0,41,1,92.3
3fd2f6804eb8a6abdf0cc0ea5a4cbb80,SP,5,boleto,Light-Small,49.0,485,1,57.72
3429e5cc7c1db7f03d5cf86f979e9577,SP,5,boleto,Light-Small,49.0,446,1,56.78
4f92671b9446f9ce54ce9003bd704cf0,RJ,4,credit_card,Light-Small,49.0,262,1,63.1
8ab434ea368809385d2243c0f05a00f2,SP,3,credit_card,Light-Small,78.0,20,1,91.21
68f3666fedabd658c5aae67697b67e61,SP,5,credit_card,Light-Small,78.0,30,1,91.21
2715ebaa46efc93f1025f565e5a78a8c,RJ,4,credit_card,Light-Small,45.0,65,1,60.42
0c82057d8f7095f51c7b46cbe30229a6,ES,1,boleto,Light-Small,39.0,143,1,54.23
a97ffd7dc1f722793d4ab4db1eb815f5,RJ,1,credit_card,Light-Small,29.0,16,1,44.3
b01a719a8ded8e727b7f6ab38e0df273,GO,4,credit_card,Light-Small,49.0,64,1,64.44
00ab90b4fd9fa3d490ab687f992763d6,SP,4,credit_card,Light-Small,55.0,284,1,62.78
ee0d30f65ed72f4041f9a5ced21e762f,SP,4,credit_card,Light-Small,95.0,111,1,103.26
126b1f7b1f9d161ab549ee52a2881142,SP,5,credit_card,Light-Small,35.0,348,1,42.78
df588ce67754db0b4de1ed8c73bbeab6,RS,3,credit_card,Light-Small,39.0,143,1,54.23
ccc494e3555d2c4ea8eef13fd0227ea6,SP,1,boleto,Light-Small,69.0,285,1,76.78
e3c038c0f88122fd5b7f566d198acc39,PR,5,credit_card,Light-Small,77.0,5,1,92.64
ce0ae5c05efa10263bab504ec83c6a92,SP,5,credit_card,Light-Small,49.0,337,4,113.56
ce0ae5c05efa10263bab504ec83c6a92,SP,5,credit_card,Light-Small,49.0,337,4,113.56
ce0ae5c05efa10263bab504ec83c6a92,SP,5,voucher,Light-Small,49.0,337,4,113.56
ce0ae5c05efa10263bab504ec83c6a92,SP,5,voucher,Light-Small,49.0,337,4,113.56
ff9700de4a13d19b014fc94a39a802e1,SC,5,credit_card,Light-Small,55.0,56,1,70.49
8468e974307cf0404f6e3d5af0ad1b9d,SP,1,credit_card,Light-Small,78.0,37,1,85.81
cb51b7eaec381b2f35b42e3565f5e401,SP,5,credit_card,Light-Small,99.0,159,1,106.56
7f29240004dd657bbdf131b0ec558634,SP,5,boleto,Light-Small,56.0,221,1,63.78
8237cee61c92196c2722acf5ed10368d,SP,2,credit_card,Light-Small,38.0,121,1,45.39
ad771b1f54c74bbd8e8e3ee76151e004,ES,5,credit_card,Light-Small,35.0,404,1,49.1
c7f5357e45e2c27d6478029945e1b92f,MG,4,credit_card,Light-Small,59.0,307,1,73.16
4936b1538bed9bf82676f3cc2816d73c,RJ,1,credit_card,Light-Small,29.0,278,1,43.1
c0092febd2a5b6716c8955d6a2bc60cf,SC,4,boleto,Light-Small,45.0,468,1,59.1
a3769a6e70dc4fa874b30d62d812942c,RJ,3,credit_card,Light-Small,149.0,191,1,163.79
70dbdadd7050b13d4b0e0838fd5388b6,PR,2,credit_card,Light-Small,78.0,24,1,96.65
c1a1035d02dcce142fd4735968360153,ES,5,credit_card,Light-Small,44.0,159,1,62.23
16d505cd985a5e737955de5b91b733bf,DF,4,credit_card,Light-Small,29.0,302,1,43.1
1612ff515cbb719b4fbea23720a1bc0c,SP,3,credit_card,Light-Small,89.0,63,1,96.88
55e78016842a460f71bbad3a0c4e4d9f,GO,5,debit_card,Light-Small,49.0,12,1,67.44
aff94b0f1d55ff958afb8d79b304d547,SP,4,boleto,Light-Small,49.0,27,1,62.0
44da5e73b67c2ac30e15d54c879e050b,SC,3,credit_card,Light-Small,29.0,250,2,188.4
44da5e73b67c2ac30e15d54c879e050b,SC,3,credit_card,Light-Small,35.0,250,2,188.4
9470c8136f65b36188e06ba951759b7c,SP,1,credit_card,Light-Small,55.0,118,1,62.39
7c5abccd0319853b8b3718591f5e7117,RJ,5,credit_card,Light-Small,49.0,412,1,63.1
9def8a387656f069ff6bfe9c5f60bd39,SP,5,credit_card,Light-Small,89.0,322,1,96.88
46a72099107f631c76922dca8c19a204,SP,5,credit_card,Light-Small,69.0,65,1,76.74
c0798df67ba2309f0d06889e8beac60d,RJ,1,credit_card,Light-Small,49.0,271,1,64.1
5a489824cded00c447dfac4800252bd3,RJ,2,credit_card,Light-Small,49.0,198,1,63.1
db8940226b1578796307372dc00fef20,BA,5,credit_card,Light-Small,49.0,113,1,71.06
d6437cc930ef10527a2122c67d79e030,PB,2,credit_card,Light-Small,45.0,351,1,66.15
af149dc022760dd847a77705f6679bdb,SP,3,boleto,Light-Small,48.0,436,1,55.78
784bd6313862214534886ba77660a567,GO,3,credit_card,Light-Small,75.0,211,1,89.28
9ba4157d56af8ab6689700a8d7c242e1,SP,5,credit_card,Light-Small,189.0,269,1,201.82
430b71cd7a955a7232bea5a2911b8271,AP,1,credit_card,Light-Small,49.0,221,2,339.0
430b71cd7a955a7232bea5a2911b8271,AP,1,credit_card,Light-Small,78.0,221,2,339.0
e1a7cfb92cade4aedd22ea4860bb848c,SP,5,credit_card,Light-Small,49.0,180,1,56.78
10d109b1f1f45bd2bf9afd83543eedd4,SP,5,credit_card,Light-Small,49.0,26,1,57.5
3d813d6489de54fbf5575d524fd40bd9,SP,5,credit_card,Light-Small,29.0,107,1,36.39
f467915ef79de307f7d1a7d8cb43d1ed,RN,3,credit_card,Light-Small,55.0,34,1,106.11
9b0b194acbdf6bdf7bde206fff44c173,RJ,5,credit_card,Light-Small,49.0,109,1,64.23
42a17b496d860f35546c295e70f516a7,SP,4,credit_card,Light-Small,58.0,27,1,71.07
a41a44bd65ce55bd82c4c75188916733,SC,5,credit_card,Light-Small,129.0,71,1,148.0
e9bfc08568b6ab20a9d33472a3d6f433,SP,4,credit_card,Light-Small,49.0,133,1,61.79
ab83aec447125dbf18edfd78471b9a0f,RJ,5,credit_card,Light-Small,39.0,322,2,216.4
ab83aec447125dbf18edfd78471b9a0f,RJ,5,credit_card,Light-Small,39.0,322,2,216.4
4c5ba5a65caf829664f58363d03d1c12,RJ,4,credit_card,Light-Small,89.0,44,1,104.72
e9ce7aba41d747676755fdb010e22bb9,SP,4,credit_card,Light-Small,49.99,326,1,57.77
154df1bc4015dcbf9423f52bb190abff,SP,5,credit_card,Light-Small,29.0,225,1,36.78
749cd3ddb1d89cb71726ab0bee1013fb,GO,5,voucher,Light-Small,29.0,255,1,43.1
b80b77aff9dc4c13a0b759c556742878,PR,5,credit_card,Light-Small,29.0,389,1,44.1
be28c5ef762b3f4d0ec8280a1d6d0eb7,SP,5,credit_card,Light-Small,69.0,253,1,80.98
519579a0b1843161c9ac5cac2376caec,RJ,4,credit_card,Light-Medium,145.0,268,1,159.76
18a0e3a650bfc5f55df2c50a0af08378,SP,1,credit_card,Light-Small,39.0,101,2,185.56
18a0e3a650bfc5f55df2c50a0af08378,SP,1,credit_card,Light-Small,39.0,101,2,185.56
025a13782125f9ee98dd321dc97e23ee,SP,5,debit_card,Light-Small,35.0,22,1,42.51
d219cc7387e6bbc57a8660d1924f995c,DF,5,credit_card,Light-Small,55.0,214,1,223.77
614aa3538438ebdbf8ce41bac4fc3443,MT,5,credit_card,Light-Small,99.0,7,1,116.62
0e9db6eca93852aad191f1c5ffd52683,SP,5,credit_card,Light-Small,29.0,411,1,40.85
c8ea458f86241a133acb4d7ebad9a915,MA,4,credit_card,Light-Small,45.0,169,1,67.85
b9c51efec6eeabef40ca9570761d2d18,MT,4,boleto,Light-Small,78.0,371,1,93.99
86192eb3f1a46e72f9569d99b1122746,RJ,5,credit_card,Light-Small,49.0,342,1,63.1
60f9c5ec01881784ca846e12c16aefce,DF,4,credit_card,Light-Small,29.0,30,1,44.3
04fc2ecbb192c71163629f423d57a13d,SP,5,credit_card,Light-Small,49.0,300,1,60.85
572f9a5f953e8da7b990923e57e13ade,MG,5,credit_card,Light-Small,49.0,466,1,64.1
b673b484323799ff5180c63588f44eba,MA,4,boleto,Light-Small,29.0,432,1,63.15
623438e09482cf7300ffdf9b95ffd9dd,SP,5,credit_card,Light-Small,49.0,5,2,238.48
623438e09482cf7300ffdf9b95ffd9dd,SP,5,credit_card,Light-Small,55.0,5,2,238.48
4b83b1454b3f9c1882dd891f1ac1faaa,SP,3,credit_card,Light-Small,29.0,380,1,36.78
a428b29ed08b54ee2ba2c4f06f1a0172,SP,2,credit_card,Light-Small,29.0,200,1,36.78
b7a90f561b18304e3b27a624a291fe5a,RJ,1,credit_card,Light-Small,49.0,41,1,118.49
2f0b8de5b769f1fb9e33a828d229543b,SP,5,credit_card,Light-Small,49.0,62,1,56.6
4a649e63666609f1e8535c98b8e1a5b7,PR,1,boleto,Light-Small,29.0,116,1,44.23
7f227d89607bdb422be881917ea6161f,SP,1,credit_card,Light-Small,45.0,57,1,52.58
1338eb27e1ca6073259a6dbe2ec2dbcd,MG,5,credit_card,Light-Small,29.0,278,1,44.1
15c0394dfabecf5cd991c5bcdbfcf3dc,BA,4,credit_card,Light-Small,49.0,47,1,71.27
9abf606fc27c284b79f293ca455f99f5,RJ,2,credit_card,Light-Small,49.0,67,1,64.44
bf95c2c2c53ab4df6e62dfff66f98877,SP,5,credit_card,Light-Small,95.0,20,1,102.93
f661fbd1d54448ae61558371f7311adb,SP,4,credit_card,Light-Small,49.0,240,1,56.78
d65be8567462ef26b2667c3ab8835a85,SP,5,credit_card,Light-Small,55.0,285,1,66.89
33b227a9e9ab376b81f76585279e3dd1,PE,1,credit_card,Light-Small,39.0,132,2,452.14
33b227a9e9ab376b81f76585279e3dd1,PE,1,credit_card,Light-Small,39.0,132,2,452.14
4ffa57c0ded9a23779c0fa34f6982c64,CE,5,credit_card,Light-Small,49.0,337,1,66.63
4d4beb06959716163a97e5b3e713cea9,SC,5,credit_card,Light-Small,49.0,278,1,64.1
c031bf880215d40a217accde86199086,SP,4,credit_card,Light-Small,89.0,321,1,96.88
c77563ea16ea98ab9e12a9c62d637bd8,SP,4,voucher,Light-Small,54.0,9,1,61.64
da0e2c91d3c568fff9fd6ca1ba34d640,MS,4,credit_card,Light-Small,59.0,78,1,77.51
090e06bd1b1d1c5adc6c9de9f15339d0,SP,5,credit_card,Light-Small,55.0,123,1,62.39
eac1c6949e2905bda961903996e25630,SE,4,credit_card,Light-Small,78.0,77,1,101.27
ec2d40b48af443ce4251d17d933f42d5,PI,1,credit_card,Light-Small,78.0,26,1,129.13
0f626c360cd11bf6a7aab968ba6122c5,SP,4,voucher,Light-Small,49.0,19,1,56.6
85d9deaade850fce1377bd644c12589b,MG,4,credit_card,Light-Small,35.0,295,2,204.4
85d9deaade850fce1377bd644c12589b,MG,4,credit_card,Light-Small,39.0,295,2,204.4
817b266d9c8e7ef78fe7a9c3f4faacbf,PE,5,credit_card,Light-Small,95.0,440,1,112.95
a4e6312399dca2989f45e102136aa05c,ES,2,boleto,Light-Small,49.0,289,1,63.1
9d09ef151a920b7f5308d155174a89d0,MG,1,credit_card,Light-Small,55.0,292,2,276.56
9d09ef151a920b7f5308d155174a89d0,MG,1,credit_card,Light-Small,55.0,292,2,276.56
b22a276dd196f751036c2a5663c7c082,SP,1,credit_card,Light-Small,49.0,475,1,56.78
d4911eb6b6642de30488f78e70a9fe5d,SP,5,credit_card,Light-Small,29.0,387,1,36.78
6dd4553c52cf9090e0a4aac9df75c66f,SP,3,credit_card,Light-Small,29.0,82,1,36.39
12f4fcac9258a27da9af48d59cc491e3,MS,1,credit_card,Light-Small,49.0,148,1,63.16
f2b66e5065737506b582d3303482e3d3,SP,3,credit_card,Light-Small,55.0,123,1,62.39
e52f11ec7d64e959c974a0ef5403abd7,RS,3,credit_card,Light-Small,29.0,341,1,44.1
93f058f0d49ca625c78bca2afbe864cd,SP,5,credit_card,Light-Small,35.0,392,1,42.78
a298546d62e795b9cbe36b4aa04fa18d,BA,4,credit_card,Light-Small,129.0,250,1,145.34
53670c76d6102c1c558d62d6d6346b6d,SP,5,credit_card,Light-Small,95.0,260,2,411.68
53670c76d6102c1c558d62d6d6346b6d,SP,5,credit_card,Light-Small,95.0,260,2,411.68
68398406288b2cee6f99d6b398fbb229,SP,4,boleto,Light-Small,35.0,364,1,42.78
bd51b2cec679d73d1170c69ec4a2c3de,CE,5,credit_card,Light-Small,78.0,70,2,415.52
bd51b2cec679d73d1170c69ec4a2c3de,CE,5,credit_card,Light-Small,55.0,70,2,415.52
4d13207d49606a5912586b4306719447,CE,4,credit_card,Light-Small,45.0,138,1,64.04
8a0c73eb44dfbbf9bf1ccabe0516a620,GO,3,credit_card,Light-Small,89.0,308,1,104.37
d70c3932cf4d049a839f58a0d259559e,ES,3,boleto,Light-Small,49.0,21,1,67.44
e05bcc70a42c95be8c4ba141fc5830e2,SP,1,credit_card,Light-Small,39.0,241,2,219.12
e05bcc70a42c95be8c4ba141fc5830e2,SP,1,credit_card,Light-Small,55.0,241,2,219.12
454966f7c9735e0d105c8fee65228072,RS,4,boleto,Light-Small,88.0,290,1,103.37
a75ce53e2f73a69bb0b4d5d7e3452a21,AL,1,credit_card,Light-Small,45.0,486,1,65.4
1358c61e82221ecc4d165d21123eb23d,RJ,5,credit_card,Light-Small,29.0,460,1,43.1
c4a4198eed8a98fafd29a24afc9e6886,RS,5,boleto,Light-Small,49.0,276,1,63.1
9f0534f3d0fb02a05113bfdda441c899,SP,5,boleto,Light-Small,49.0,450,1,60.85
629f877340ef90d6baa875e57961fa19,MG,4,credit_card,Light-Small,45.0,370,1,60.1
8db2bd257e77d70fd9ed115f4e68e3a2,CE,4,credit_card,Light-Small,78.0,52,1,115.46
d6584c0010456a8b5032992b53d0a2cf,SP,5,credit_card,Light-Small,49.0,260,2,227.12
d6584c0010456a8b5032992b53d0a2cf,SP,5,credit_card,Light-Small,49.0,260,2,227.12
98ebf1c15712e7bc455d7cf9130f3f62,SP,5,credit_card,Light-Small,45.0,289,1,52.78
ef750d311ffd2f8ff044451e653a0181,RJ,5,credit_card,Light-Small,29.0,392,1,43.1
4f7554d9ae7426d7b2bf3fc9ec0eacbb,RS,5,credit_card,Light-Small,49.0,321,1,95.09
563bb72874c0389d13629841d8cb4b39,ES,5,credit_card,Light-Small,49.0,27,1,67.44
123d6a7316b4ab48074d72948fd412da,ES,1,credit_card,Light-Small,29.0,299,2,144.2
123d6a7316b4ab48074d72948fd412da,ES,1,credit_card,Light-Small,29.0,299,2,144.2
3a116aae86b766a271a6a389bc5eb3c1,RJ,5,credit_card,Light-Small,189.0,200,1,204.07
00fb765118b6d3b18dfc763dc3729a5b,SP,5,credit_card,Light-Small,55.0,64,2,198.22
00fb765118b6d3b18dfc763dc3729a5b,SP,5,credit_card,Light-Small,29.0,64,2,198.22
51154f38c84e78ea286ae12b3815b74e,SP,5,credit_card,Light-Small,49.0,506,1,59.96
a3e787cc07eaef73b3bc59601867df94,SP,4,credit_card,Light-Small,49.0,154,1,56.39
1777f8820f1331cc996abb92c3fa03d0,SP,1,credit_card,Light-Small,129.0,240,1,141.4
04a8f68b5b040ff3e1d961c2d280d4e5,SP,5,credit_card,Light-Small,49.0,279,1,60.85
79afbd7b905f90ff5073077d073ce056,ES,5,credit_card,Light-Small,55.0,409,1,69.14
df69e936b93edc5cecff8047373bc369,MG,5,credit_card,Light-Small,34.0,531,1,48.52
f4e93290ffb2b56c8820d4fcc4cfd00b,SP,3,credit_card,Light-Small,49.0,469,1,56.78
618021b3be169bfebcf9604979358f8a,SP,4,credit_card,Light-Small,78.0,89,1,85.41
f687f0de29ec2bd67dc6505ff1fccaf7,RJ,5,boleto,Light-Small,149.0,472,1,164.79
3e15efae32c4b38d85ae97b8bbd101af,ES,5,credit_card,Light-Small,39.0,160,1,54.23
63acf8de888f1bd3574cf7432ff0312d,PE,4,voucher,Light-Small,72.0,209,1,89.78
b80c4b6a7f2a243e998baea98beb0188,SP,1,credit_card,Light-Small,78.0,41,1,91.21
229a694659aaccf853a865489c161422,SP,5,credit_card,Light-Small,56.0,10,1,63.65
6f6318810bcd532ff9ae0bda46011ead,PB,1,credit_card,Light-Small,159.0,65,1,182.83
4f81711673621b442e519f4635670126,BA,4,credit_card,Light-Small,49.0,227,1,64.79
487a1ff2c6a61d9df9dcd8a94c3914c2,MA,5,credit_card,Light-Small,55.0,231,1,76.19
608ca06a0877186cb46883660d1ae256,PE,5,voucher,Light-Small,29.0,396,12,839.34
608ca06a0877186cb46883660d1ae256,PE,5,voucher,Light-Small,29.0,396,12,839.34
608ca06a0877186cb46883660d1ae256,PE,5,voucher,Light-Small,29.0,396,12,839.34
608ca06a0877186cb46883660d1ae256,PE,5,voucher,Light-Small,29.0,396,12,839.34
608ca06a0877186cb46883660d1ae256,PE,5,voucher,Light-Small,29.0,396,12,839.34
608ca06a0877186cb46883660d1ae256,PE,5,voucher,Light-Small,29.0,396,12,839.34
608ca06a0877186cb46883660d1ae256,PE,5,credit_card,Light-Small,29.0,396,12,839.34
608ca06a0877186cb46883660d1ae256,PE,5,credit_card,Light-Small,29.0,396,12,839.34
608ca06a0877186cb46883660d1ae256,PE,5,credit_card,Light-Small,29.0,396,12,839.34
608ca06a0877186cb46883660d1ae256,PE,5,credit_card,Light-Small,29.0,396,12,839.34
608ca06a0877186cb46883660d1ae256,PE,5,credit_card,Light-Small,29.0,396,12,839.34
608ca06a0877186cb46883660d1ae256,PE,5,credit_card,Light-Small,29.0,396,12,839.34
3786c09f9f30967a33c43cf987fff1e0,MG,5,credit_card,Light-Small,49.0,230,1,64.1
328940eae1f0fc2517af314e26854533,PI,3,credit_card,Light-Small,99.0,351,1,133.49
1b93e31aac5baddd05b3188a82db777a,BA,5,boleto,Light-Small,49.0,126,1,66.06
6fd08fa27ae00ae1767b76668d46451e,PR,5,credit_card,Light-Medium,69.0,311,1,84.23
8ead9fcb2090bb3c3d93391254dac941,PB,1,credit_card,Light-Small,69.0,296,1,103.28
02051904557f3bb3741f7b233dfc5ae2,SP,5,boleto,Light-Small,39.0,285,1,46.78
cd5c445be33d9a16a9db311346ddf34a,SP,2,credit_card,Light-Small,78.0,81,1,90.99
d61a3eb5ccd2513f6042d80147dba852,SP,5,credit_card,Light-Small,49.0,219,1,56.78
9325bd8f287bc8d05e0014710eb16884,BA,3,boleto,Light-Small,44.0,34,1,66.24
4da2611319c642ea716073cf37ad1427,MG,5,voucher,Light-Small,29.0,221,2,172.4
4da2611319c642ea716073cf37ad1427,MG,5,voucher,Light-Small,29.0,221,2,172.4
98b6c7d5318c95d0bf714d786ac0eed2,RS,5,credit_card,Light-Small,49.0,262,1,64.1
49b0b78f8fd6fc95605c46e685c4b611,SP,5,credit_card,Light-Small,129.0,290,1,137.16
e58b22f7f3b481586b47322d3456c011,SC,5,credit_card,Light-Small,55.0,476,1,70.14
e5ce83ac7afe0a18d0f1747111ffecf5,SP,1,credit_card,Light-Small,69.0,195,1,76.78
cd76fc0e4f0234fc6bdf0bb3898f31cf,SP,5,credit_card,Light-Small,55.0,222,2,251.12
cd76fc0e4f0234fc6bdf0bb3898f31cf,SP,5,credit_card,Light-Small,55.0,222,2,251.12
d122afa2eb34aa5560b4d786381110ee,RJ,5,credit_card,Light-Small,45.0,82,1,60.23
63da6af14f676d09a370e0ca57a901f8,SP,5,credit_card,Light-Small,49.0,284,1,56.78
478405e8df3b9abb7f2bd5c8fd77df89,MG,5,credit_card,Light-Small,29.0,98,1,47.23
8553d88145be6a0d43f86224cf5a70d2,SP,5,credit_card,Light-Small,78.0,264,1,85.8
8c045d0442a9354cfc68a056c51a817b,AL,5,credit_card,Light-Small,89.0,344,1,110.42
d30990aa307dd48e6e9a054b87372fca,SC,1,credit_card,Light-Small,129.0,395,1,144.65
5fef5cebc61defff53af91f665b3913d,SP,5,credit_card,Light-Small,29.0,328,1,36.78
4805d62fe2ec69e4290d0ebc213f34d5,SC,5,credit_card,Light-Small,49.0,210,1,64.1
44a1ff0b539aa8b17c16cc9c98294420,BA,5,boleto,Medium-Small,89.0,299,1,106.19
5f978a59ff0d88d6c665ec75ffa8bc5f,SP,4,credit_card,Light-Small,45.0,289,1,52.78
6b1901291ad821308850dfe8b4385afe,RS,3,credit_card,Light-Small,69.0,278,1,84.23
e82b65e2b591d7d01e803b11299bf0f4,AL,5,credit_card,Light-Small,29.0,449,1,50.15
13598fd026d245d7290768341b10cd0e,SP,3,credit_card,Light-Small,29.0,363,1,40.85
f45c4ec1717ebf7327a3d7b5c9b04201,MG,2,credit_card,Light-Small,49.0,243,1,63.1
d520089f0783d83ef336bd06aa8923f9,BA,5,boleto,Light-Small,78.0,370,1,94.99
c4166318f0d95d4ff6e243c05b407d21,ES,5,credit_card,Light-Small,49.0,212,1,63.1
f37844d2130cb833a1556daac22304c7,SP,3,credit_card,Light-Small,189.0,9,1,197.58
3e8da88b70b67f67a05f66a138bd7f14,SP,5,credit_card,Light-Small,49.0,229,1,56.78
6559eb1529fa374ff7f71a8f2b1e5405,SP,3,credit_card,Light-Small,49.0,292,1,60.85
d419776edf19bf4f7f2498b72d0c40fc,PR,5,voucher,Light-Small,29.0,133,1,47.23
a830a248775c8bc5cd65a367ebdc08f4,SP,5,credit_card,Light-Small,35.0,126,1,47.79
bfdc91ba39894bf8935c66e17060382d,SP,4,boleto,Light-Small,95.0,299,1,102.92
3c75d55fc69882d5c9e3a2b87c5fc54e,RJ,5,credit_card,Light-Small,55.0,107,1,70.27
74021b5668446a550ea808a67d54fa87,SP,5,credit_card,Light-Small,49.0,14,1,56.6
27cdcc7fde4b4a2c57192e35fe14fc6c,SP,1,credit_card,Light-Small,55.0,18,1,68.05
58c9cac8b8d827ecd1854a007b921fca,GO,5,boleto,Light-Small,49.0,63,1,64.44
0a558d12e4f17bdc05e2a498747d0e07,SP,5,credit_card,Light-Small,39.0,17,1,51.93
77bcab6dd4a3f32f074693436c534da6,SP,1,credit_card,Light-Small,149.0,32,1,157.3
a0dbda9ba9675d8f5837d7d143314701,SP,1,credit_card,Light-Small,65.0,458,4,145.56
a0dbda9ba9675d8f5837d7d143314701,SP,1,credit_card,Light-Small,65.0,458,4,145.56
a0dbda9ba9675d8f5837d7d143314701,SP,1,credit_card,Light-Small,65.0,458,4,145.56
a0dbda9ba9675d8f5837d7d143314701,SP,1,credit_card,Light-Small,65.0,458,4,145.56
cbf77bf17677d1ded025f71e08c2193a,SP,2,credit_card,Light-Small,159.0,161,1,166.98
eaf1e7d10b6121a4f5546501c3af0e54,SP,4,voucher,Light-Small,39.0,349,1,46.78
c9fb84a1ae7d2d55786603bff29808b8,SC,5,boleto,Light-Small,65.0,350,1,80.2
00b2b9682f5c2a1f7cf1312ce6a0ea9d,SP,2,credit_card,Light-Small,59.0,27,2,286.82
00b2b9682f5c2a1f7cf1312ce6a0ea9d,SP,2,credit_card,Light-Small,69.0,27,2,286.82
d472dbf6ecbea44dbc6078d5bb5c0c6d,SP,4,boleto,Light-Small,55.0,100,1,67.83
1503f463072a6c3255885713f173bf9d,SP,4,credit_card,Light-Small,59.0,35,1,66.67
d242973fcc51203ce6f07da575139a0f,SP,1,credit_card,Light-Small,49.0,175,1,68.95
eca75e9adc8c91318ff3031a136b5130,SP,5,credit_card,Light-Small,45.0,120,1,52.39
3cb2dbb0982e2c3ac0fb60850248a0b1,SP,5,credit_card,Light-Small,55.0,51,1,62.65
d1eae5d8fb3c1a1472eda31a5f9ff3f0,SP,5,credit_card,Light-Small,49.0,401,1,56.78
b72b72071e374566785cc845ec347345,RJ,4,credit_card,Light-Small,49.0,173,1,64.23
54093ee9fc74a8ca3ef7840cd591c22d,SC,4,voucher,Light-Small,29.0,219,1,44.1
721c2a55dc12b16e86db92484b72ea06,SP,5,credit_card,Light-Small,59.0,35,1,72.07
cdd41d4855ed541bf86744974bf4d2a0,PR,5,credit_card,Light-Small,199.0,96,1,215.27
3afcd4f9f9411b8cb8f1d250b0a6f6c2,SC,4,credit_card,Light-Small,49.0,395,1,64.1
4a1d9976177eedd8d7491ec69593ab77,SP,1,boleto,Light-Small,189.0,36,1,197.58
5c819da02aa0a65eca9a8086a00a9885,SP,4,boleto,Light-Small,129.0,285,2,419.88
5c819da02aa0a65eca9a8086a00a9885,SP,4,boleto,Light-Small,65.0,285,2,419.88
0658d5a2ae9ee0fda5faff1eb552fd22,SP,5,credit_card,Light-Small,45.0,265,1,52.78
b12da88cab7326387e8976dc76afcd77,SP,4,credit_card,Light-Small,39.0,278,1,46.78
49595e928b7aaa0e986f36f8f4bdf609,SP,4,credit_card,Light-Small,29.0,297,1,36.78
aeecfee67c06877f64d2f6dcb5e94338,SP,3,voucher,Light-Small,78.0,30,1,85.81
015d0c1d91a5b8042fdc425b5e8c8259,RS,5,credit_card,Light-Small,65.0,325,1,80.2
f571c1233e373065899833efd71ad0ad,SP,5,credit_card,Light-Small,78.0,17,1,85.81
c025200e87520a89f95e5520045a8b5c,MA,1,credit_card,Light-Small,49.0,102,2,287.4
c025200e87520a89f95e5520045a8b5c,MA,1,credit_card,Light-Small,49.0,102,2,287.4
25589ac02f7637b4dca14ce8d9c2fd8b,SP,5,credit_card,Light-Small,69.0,203,1,76.78
6d1e7c6a52ef57ca5462d78e575a0c1b,PE,5,credit_card,Light-Small,54.0,9,1,73.29
db4ce50bf63f8c1a9518462b0499aabd,CE,2,boleto,Light-Small,49.0,25,1,68.25
1588e8e4bfd54dfc5ee6acf782e19076,BA,5,credit_card,Light-Small,29.0,285,1,45.79
dcd98ca7612d608435bc8233248e8b4c,CE,3,credit_card,Light-Small,29.0,57,1,48.11
bab6906c7c63a27077966732873c1664,PR,4,voucher,Light-Small,29.0,358,36,258.6
bab6906c7c63a27077966732873c1664,PR,4,voucher,Light-Small,29.0,358,36,258.6
bab6906c7c63a27077966732873c1664,PR,4,voucher,Light-Small,29.0,358,36,258.6
bab6906c7c63a27077966732873c1664,PR,4,voucher,Light-Small,29.0,358,36,258.6
bab6906c7c63a27077966732873c1664,PR,4,voucher,Light-Small,29.0,358,36,258.6
bab6906c7c63a27077966732873c1664,PR,4,voucher,Light-Small,29.0,358,36,258.6
bab6906c7c63a27077966732873c1664,PR,4,voucher,Light-Small,29.0,358,36,258.6
bab6906c7c63a27077966732873c1664,PR,4,voucher,Light-Small,29.0,358,36,258.6
bab6906c7c63a27077966732873c1664,PR,4,voucher,Light-Small,29.0,358,36,258.6
bab6906c7c63a27077966732873c1664,PR,4,voucher,Light-Small,29.0,358,36,258.6
bab6906c7c63a27077966732873c1664,PR,4,voucher,Light-Small,29.0,358,36,258.6
bab6906c7c63a27077966732873c1664,PR,4,voucher,Light-Small,29.0,358,36,258.6
bab6906c7c63a27077966732873c1664,PR,4,voucher,Light-Small,29.0,358,36,258.6
bab6906c7c63a27077966732873c1664,PR,4,voucher,Light-Small,29.0,358,36,258.6
bab6906c7c63a27077966732873c1664,PR,4,voucher,Light-Small,29.0,358,36,258.6
bab6906c7c63a27077966732873c1664,PR,4,voucher,Light-Small,29.0,358,36,258.6
bab6906c7c63a27077966732873c1664,PR,4,voucher,Light-Small,29.0,358,36,258.6
bab6906c7c63a27077966732873c1664,PR,4,voucher,Light-Small,29.0,358,36,258.6
bab6906c7c63a27077966732873c1664,PR,4,voucher,Light-Small,29.0,358,36,258.6
bab6906c7c63a27077966732873c1664,PR,4,voucher,Light-Small,29.0,358,36,258.6
bab6906c7c63a27077966732873c1664,PR,4,voucher,Light-Small,29.0,358,36,258.6
bab6906c7c63a27077966732873c1664,PR,4,voucher,Light-Small,29.0,358,36,258.6
bab6906c7c63a27077966732873c1664,PR,4,voucher,Light-Small,29.0,358,36,258.6
bab6906c7c63a27077966732873c1664,PR,4,voucher,Light-Small,29.0,358,36,258.6
bab6906c7c63a27077966732873c1664,PR,4,voucher,Light-Small,29.0,358,36,258.6
bab6906c7c63a27077966732873c1664,PR,4,voucher,Light-Small,29.0,358,36,258.6
bab6906c7c63a27077966732873c1664,PR,4,voucher,Light-Small,29.0,358,36,258.6
bab6906c7c63a27077966732873c1664,PR,4,voucher,Light-Small,29.0,358,36,258.6
bab6906c7c63a27077966732873c1664,PR,4,voucher,Light-Small,29.0,358,36,258.6
bab6906c7c63a27077966732873c1664,PR,4,voucher,Light-Small,29.0,358,36,258.6
bab6906c7c63a27077966732873c1664,PR,4,voucher,Light-Small,29.0,358,36,258.6
bab6906c7c63a27077966732873c1664,PR,4,voucher,Light-Small,29.0,358,36,258.6
bab6906c7c63a27077966732873c1664,PR,4,voucher,Light-Small,29.0,358,36,258.6
bab6906c7c63a27077966732873c1664,PR,4,voucher,Light-Small,29.0,358,36,258.6
bab6906c7c63a27077966732873c1664,PR,4,voucher,Light-Small,29.0,358,36,258.6
bab6906c7c63a27077966732873c1664,PR,4,voucher,Light-Small,29.0,358,36,258.6
b4fd952974f786b6a9877053a27c0bdf,SP,5,credit_card,Light-Small,78.0,222,1,85.8
ef87221bf046248dea3538dfaceff8dd,SP,3,credit_card,Light-Small,49.0,274,1,56.78
faa620b99336f779d6ed431347eb83b7,SC,5,credit_card,Light-Small,95.0,111,1,104.79
a7532e354c1895123fff8168ec3c3c1e,ES,5,credit_card,Light-Small,49.0,181,1,63.1
5e846cb3c229e358021cf10316c72de1,SC,5,credit_card,Light-Small,45.0,210,1,60.1
4abd79f956c83d2c78b65fab142c9d39,SE,5,boleto,Light-Small,78.0,35,1,101.27
d729159365c9d50643bfb026ffdbef04,SP,1,credit_card,Light-Small,39.0,78,1,46.53
1f90cd0db9aed93dd044876e178c2425,RJ,3,boleto,Light-Small,29.0,225,1,43.1
79e35a8cf48a05893167fd04dbd226a8,MG,3,boleto,Light-Small,95.0,42,1,113.77
16ece50a0fe3d823fb028f7effe052f5,SP,5,credit_card,Light-Small,49.0,383,1,56.78
6906dc635a151b12340ae5657e98a0ca,PR,5,credit_card,Light-Small,49.0,172,1,67.23
b9c95668ad9ee625c8d4e4d94f02f259,RJ,5,voucher,Light-Small,54.0,8,1,69.48
ae4c7a6bb591543c410facd14b571ea8,SP,5,credit_card,Medium-Small,89.0,191,1,98.44
40a7f711d403185fdc7517b5e7a0a2e0,RJ,1,credit_card,Light-Small,39.0,75,2,217.48
40a7f711d403185fdc7517b5e7a0a2e0,RJ,1,credit_card,Light-Small,39.0,75,2,217.48
87cc80e439ab356ef3b045e8be9bcea3,SP,4,credit_card,Light-Small,29.0,30,1,36.46
c442790b98d80265e810032f3cad5308,PA,5,boleto,Light-Small,49.0,26,1,68.25
ee7e21c28d1a65571f31b635723bbd4a,PE,3,credit_card,Light-Small,29.0,18,1,48.11
5fc94afe3011b978b89cc74c0a3fd96c,PR,5,credit_card,Light-Small,49.0,509,1,63.11
8b44866d1a919a20080812529e2a49d1,SP,1,credit_card,Light-Small,45.0,59,1,52.58
1e65961d04cfd45afd328fcca0e9b53d,SP,5,boleto,Light-Small,35.0,128,1,42.39
64c7ff0fa53d71749aa0b0db66deece9,SP,4,debit_card,Light-Small,69.0,41,1,76.74
9c9c6947f4a2595d790406365671eb06,SP,5,credit_card,Light-Small,59.0,460,1,70.91
cf5b268ad5163d64d53d8a5fc114dd9f,SP,5,credit_card,Light-Small,44.0,443,1,55.85
8e243644561da4b5822473dcaf36a894,PE,4,voucher,Light-Small,79.0,29,1,98.46
6573d9e5a363a91f158ecbc52ad1e72c,SP,5,credit_card,Light-Small,78.0,73,1,85.81
c27703a50050afbb4661ad22ea030c7c,SC,4,credit_card,Light-Small,35.0,461,2,188.4
c27703a50050afbb4661ad22ea030c7c,SC,4,credit_card,Light-Small,29.0,461,2,188.4
08ebd8171843fa54338c3474439144a2,SP,3,credit_card,Light-Small,55.0,18,3,545.67
08ebd8171843fa54338c3474439144a2,SP,3,credit_card,Light-Small,55.0,18,3,545.67
08ebd8171843fa54338c3474439144a2,SP,3,credit_card,Light-Small,49.0,18,3,545.67
9984bc05a4cd3660c382bcefcc3d6add,SP,5,credit_card,Light-Small,29.0,407,4,81.69999999999999
9984bc05a4cd3660c382bcefcc3d6add,SP,5,credit_card,Light-Small,29.0,407,4,81.69999999999999
9984bc05a4cd3660c382bcefcc3d6add,SP,5,voucher,Light-Small,29.0,407,4,81.69999999999999
9984bc05a4cd3660c382bcefcc3d6add,SP,5,voucher,Light-Small,29.0,407,4,81.69999999999999
5a20ca69160161786b074d55001ca9b7,RJ,5,credit_card,Light-Small,44.0,234,1,58.1
adc5095bd07ec629402aeb343d18f480,PR,5,credit_card,Light-Small,99.0,300,1,114.44
ad82dd3414b1b3d24c02d7d1dde78004,TO,5,boleto,Light-Small,78.0,66,1,115.46
aca9f3d4889f7141d94840387c9e3d5a,SP,1,voucher,Light-Small,35.0,486,1,45.96
213a706474bbd220212c4e9782b0346f,SP,1,voucher,Light-Small,75.0,450,1,82.78
fd43cf6f5a149e13209556985159d216,MT,5,credit_card,Light-Small,55.0,47,1,77.32
d742132fa21774454b21f5a511f05769,RJ,5,credit_card,Light-Small,55.0,6,1,70.49
a484c1d24719b320e17bd74f602a32e4,SP,5,credit_card,Light-Small,35.0,73,1,42.51
72740dc2b626c46da39cd84cad2102bf,CE,3,credit_card,Light-Small,95.0,30,1,114.58
60951029b7686cc004b24fcc814e00af,MG,3,credit_card,Light-Small,29.0,40,1,47.3
53bcad3e9f672313d27548b70d93371a,MG,4,credit_card,Light-Small,49.0,245,1,63.1
3278f0116538282732803d2b35a9fbd6,SP,4,debit_card,Light-Small,56.0,8,1,63.65
86ee2f815eb7f2cc1b4277e578c36805,PR,1,debit_card,Light-Small,49.0,27,1,64.44
1b5b4fbe07dcd9bacf4d004d8a62c555,MG,1,credit_card,Light-Small,49.0,35,1,64.44
d1317c0d26ff17cbee1cc9e90ab521ab,MA,5,credit_card,Light-Small,56.0,237,1,90.19
b61c656c330cd99a4d2cd8e90a498c84,PE,5,credit_card,Light-Small,89.0,214,1,114.9
eba4339b9df25e7f8836e2a715993f7e,SP,1,credit_card,Light-Small,55.0,60,1,62.65
c37938b10e5cd1cbbd5cbce1b6563f92,SP,5,credit_card,Light-Small,49.0,20,1,56.6
b04c9008a1e2d07f98f682eddae9afd7,RN,5,credit_card,Light-Small,49.0,215,2,280.6
b04c9008a1e2d07f98f682eddae9afd7,RN,5,credit_card,Light-Small,49.0,215,2,280.6
8cb5215c25ad0689fc8460e4191233c5,SP,5,credit_card,Light-Small,29.0,259,1,40.85
83228cdd70a30e7432678e7ad9312946,SP,1,boleto,Light-Small,49.0,117,1,56.39
d36b8161eef9101ed8376e0d4c783c17,SP,5,credit_card,Light-Small,49.0,480,1,56.78
15cd6d28330a079fcdcd23372d2930c6,SP,5,boleto,Light-Small,29.0,336,1,36.78
a45c8003661d14234bcd6d507b144067,SP,1,credit_card,Light-Small,45.0,446,1,52.78
06090287a89123f034e1d47b115ed0be,SP,5,debit_card,Light-Small,29.0,380,1,36.78
5aa439f5f53153b4ba0aca0c5a39fcf6,PA,4,credit_card,Light-Small,49.0,333,3,629.8199999999999
5aa439f5f53153b4ba0aca0c5a39fcf6,PA,4,credit_card,Light-Small,49.99,333,3,629.8199999999999
5aa439f5f53153b4ba0aca0c5a39fcf6,PA,4,credit_card,Light-Small,58.0,333,3,629.8199999999999
d50cd744c2d765c48a532e083ee77746,MG,4,credit_card,Light-Small,59.0,8,1,74.51
c87858edbf69dc16344e313cae72b375,SP,3,credit_card,Light-Small,69.0,448,1,76.78
28fa7dc03ec522bf4b643bf5b3f67134,SP,2,credit_card,Light-Small,99.0,9,1,112.35
d34fc5073a7c0a01cefde2d790236131,SP,5,credit_card,Light-Small,29.0,262,1,40.85
f559081f10290cf844cd5875a8524e18,RJ,4,credit_card,Light-Small,29.0,92,1,44.23
fe67d071eefb7f48949cbe89515cd672,RS,2,credit_card,Light-Small,78.0,71,1,96.65
14c726663ad6885d4bd8fc9cb2ce8393,MG,4,credit_card,Light-Small,199.0,314,1,214.14
26ff87457a828181926c7ab34f407f8e,SP,5,credit_card,Light-Small,39.0,155,1,46.39
050f6087053bfb249521d6910798e274,SP,5,credit_card,Light-Small,55.0,352,1,62.78
48c3e8e784086fd4b26b9929625373d6,MG,2,credit_card,Light-Small,29.0,350,1,43.1
fa8df58dde47182121d2737ac7b8968f,MG,5,credit_card,Light-Small,69.0,79,1,84.58
6bd7a25730098901b7bfbf872410d4b8,RJ,5,credit_card,Light-Small,69.0,196,1,83.23
66666db1d1d248143aa09864faf1d31d,SP,5,credit_card,Light-Small,65.0,261,1,72.78
50900ea3519ead20da341b41081736e9,MG,5,credit_card,Light-Small,49.0,279,1,64.1
72121723bc54405da6fd53fda50dac24,SP,4,boleto,Light-Small,95.0,387,1,102.92
97e2d4f46c1eedca1005f8a981f906fc,RJ,5,credit_card,Light-Small,159.0,414,1,173.86
4a07364efc6beeb55df6dd72f15088a9,RS,3,credit_card,Light-Small,95.0,244,1,109.42
95c3787dd85f9d218c94a47d6a9fd288,PR,5,credit_card,Light-Small,49.0,382,1,63.1
a1b5ca506b592bb72d4caadcbfe71385,SP,4,credit_card,Light-Small,47.99,507,1,58.95
